category,url
Món Tết,https://vnexpress.net/doi-song-cooking-co-tet-ha-noi-xua-4843017.html
Món Tết,https://vnexpress.net/doi-song-cooking-bon-mon-canh-trong-co-tet-ha-noi-xua-4842990.html
Món Tết,https://vnexpress.net/doi-song-cooking-cach-muoi-dua-hanh-truyen-thong-4842499.html
Món Tết,https://vnexpress.net/doi-song-cooking-meo-luoc-ga-da-gion-mong-nuoc-khong-tham-mao-4841940.html
Món Tết,https://vnexpress.net/doi-song-cooking-goi-y-mam-cung-ong-tao-2025-4841198.html
Món Tết,https://vnexpress.net/doi-song-cooking-su-hao-xao-muc-4840299.html
Món Tết,https://vnexpress.net/doi-song-cooking-canh-mang-ngay-tet-co-truyen-ha-noi-4839393.html
Món Tết,https://vnexpress.net/doi-song-cooking-gia-hanh-nhan-4835734.html
Món Tết,https://vnexpress.net/doi-song-cooking-cha-bi-ot-xiem-xanh-4834169.html
Món Tết,https://vnexpress.net/doi-song-cooking-moc-dong-mon-ngon-tet-ha-noi-xua-4832776.html
Món Tết,https://vnexpress.net/doi-song-cooking-bon-mon-giai-cuu-gio-thua-ngay-tet-4711461.html
Món Tết,https://vnexpress.net/doi-song-cooking-7-mon-ngon-giai-cuu-ga-luoc-ngay-tet-4710393.html
Món Tết,https://vnexpress.net/doi-song-cooking-co-tet-mien-tay-4710383.html
Món Tết,https://vnexpress.net/doi-song-cooking-hai-mon-che-co-truyen-tet-xua-ha-noi-4710375.html
Món Tết,https://vnexpress.net/nghe-nhan-anh-tuyet-tai-hien-mam-co-tet-xua-cua-nguoi-ha-noi-4708203.html
Món Tết,https://vnexpress.net/doi-song-cooking-mam-co-30-tet-truyen-thong-cua-nguoi-ha-noi-4709863.html
Món Tết,https://vnexpress.net/doi-song-cooking-chao-chan-gio-mon-ngon-tet-vung-ha-nam-ninh-4709895.html
Món Tết,https://vnexpress.net/doi-song-cooking-nem-ran-kieu-truyen-thong-mien-bac-4709469.html
Món Tết,https://vnexpress.net/doi-song-cooking-bi-quyet-lam-canh-mang-muc-mon-tien-vua-xua-4708892.html
Món Tết,https://vnexpress.net/doi-song-cooking-goi-gio-mo-4708130.html
Món Tết,https://vnexpress.net/doi-song-cooking-thit-kho-hot-vit-truyen-thong-mien-tay-4707556.html
Món Tết,https://vnexpress.net/doi-song-cooking-cha-ca-chep-bach-hoa-4707251.html
Món Tết,https://vnexpress.net/doi-song-cooking-mien-xao-long-me-ga-4706819.html
Món Tết,https://vnexpress.net/doi-song-cooking-cat-banh-chung-bang-lat-hay-dao-4706418.html
Món Tết,https://vnexpress.net/doi-song-cooking-5-sai-lam-khien-luoc-ga-le-bi-hong-4705899.html
Món Tết,https://vnexpress.net/doi-song-cooking-bong-bi-xao-thap-cam-kieu-bac-4705604.html
Món Tết,https://vnexpress.net/doi-song-cooking-ba-cach-cat-gio-don-gian-ma-dep-cho-co-tet-4704180.html
Món Tết,https://vnexpress.net/doi-song-cooking-canh-bong-tha-ha-noi-nau-theo-loi-xua-4703343.html
Món Tết,https://vnexpress.net/doi-song-cooking-mien-nau-long-me-ga-kieu-bac-bo-4703121.html
Món Tết,https://vnexpress.net/doi-song-cooking-khau-nhuc-lang-son-4702792.html
Món Tết,https://vnexpress.net/doi-song-cooking-gio-xao-truyen-thong-kieu-bac-4702275.html
Món Tết,https://vnexpress.net/doi-song-cooking-xoi-vo-chuan-vi-ha-noi-4701927.html
Món Tết,https://vnexpress.net/doi-song-cooking-muc-nau-roi-4701038.html
Món Tết,https://vnexpress.net/doi-song-cooking-meo-lam-nem-voi-cac-loai-vo-khac-nhau-4700283.html
Món Tết,https://vnexpress.net/doi-song-cooking-ga-no-muoi-hot-4700420.html
Món Tết,https://vnexpress.net/doi-song-cooking-cach-nau-thit-dong-kieu-truyen-thong-4698398.html
Món Tết,https://vnexpress.net/doi-song-cooking-mien-xao-thap-cam-4564834.html
Món Tết,https://vnexpress.net/doi-song-cooking-goi-cuon-thap-cam-4564379.html
Món Tết,https://vnexpress.net/doi-song-cooking-ga-bop-hanh-ram-4564162.html
Món Tết,https://vnexpress.net/doi-song-cooking-goi-ngu-sac-tu-thit-ga-thua-dip-tet-4563780.html
Món Tết,https://vnexpress.net/doi-song-cooking-be-hap-gung-sa-giai-ngan-ngay-tet-4563010.html
Món Tết,https://vnexpress.net/doi-song-cooking-bien-tau-banh-chung-thanh-cac-mon-ngon-4563013.html
Món Tết,https://vnexpress.net/doi-song-cooking-hanh-nhan-xao-4562620.html
Món Tết,https://vnexpress.net/doi-song-cooking-mon-tru-danh-cua-bat-trang-vao-dip-tet-4562046.html
Món Tết,https://vnexpress.net/doi-song-cooking-mon-che-cung-giao-thua-dac-trung-ba-mien-4562027.html
Món Tết,https://vnexpress.net/doi-song-cooking-goi-y-cach-lam-cac-mon-xoi-ngay-tet-4562028.html
Món Tết,https://vnexpress.net/doi-song-cooking-meo-lam-nem-ran-gion-lau-cho-ngay-tet-4561500.html
Món Tết,https://vnexpress.net/doi-song-cooking-bo-cuon-cai-xanh-4561164.html
Món Tết,https://vnexpress.net/doi-song-cooking-thit-kho-mang-kho-4560595.html
Món Tết,https://vnexpress.net/doi-song-cooking-cha-phuong-4560287.html
Món Tết,https://vnexpress.net/doi-song-cooking-nom-tai-heo-dua-chuot-4560055.html
Món Tết,https://vnexpress.net/doi-song-cooking-goi-y-mon-co-truyen-cho-mam-cung-ong-tao-4559791.html
Món Tết,https://vnexpress.net/doi-song-cooking-bo-nuong-kim-tien-4559672.html
Món Tết,https://vnexpress.net/doi-song-cooking-ga-u-muoi-hoa-tieu-4559330.html
Món Tết,https://vnexpress.net/doi-song-cooking-tre-hue-4558786.html
Món Tết,https://vnexpress.net/doi-song-cooking-dua-mon-gion-4557948.html
Món Tết,https://vnexpress.net/doi-song-cooking-canh-ga-chien-bo-toi-4557611.html
Món Tết,https://vnexpress.net/doi-song-cooking-nem-hai-san-4557354.html
Món Tết,https://vnexpress.net/doi-song-cooking-moc-van-am-4556979.html
Món Tết,https://vnexpress.net/doi-song-cooking-heo-kho-chay-toi-4556287.html
Món Tết,https://vnexpress.net/doi-song-cooking-mut-dua-deo-kem-tuoi-tra-xanh-4555796.html
Món Tết,https://vnexpress.net/doi-song-cooking-chan-ga-sa-tac-4410248.html
Món Tết,https://vnexpress.net/cac-mon-xoi-ngon-don-gian-cho-ngay-ram-thang-gieng-4424209.html
Món Tết,https://vnexpress.net/su-hao-xao-muc-dac-san-bat-trang-4424200.html
Món Tết,https://vnexpress.net/thit-ngam-mam-mon-ngon-mien-trung-4424196.html
Món Tết,https://vnexpress.net/nhung-mon-nom-goi-giai-ngay-ngay-tet-4424204.html
Món Tết,https://vnexpress.net/nom-ga-hoa-chuoi-gion-ngon-doi-vi-ngay-tet-4422345.html
Món Tết,https://vnexpress.net/nom-du-du-mon-ngon-giai-ngan-ngay-tet-4422342.html
Món Tết,https://vnexpress.net/mien-nau-long-ga-mon-ngon-don-gian-ngay-tet-4421484.html
Món Tết,https://vnexpress.net/thit-kho-tau-mon-an-dac-trung-tet-nam-bo-4421496.html
Món Tết,https://vnexpress.net/bi-quyet-nau-canh-kho-qua-thom-ngon-ngay-tet-4421487.html
Món Tết,https://vnexpress.net/nom-su-hao-gion-ngon-chong-ngan-ngay-tet-4416941.html
Món Tết,https://vnexpress.net/cach-lam-mut-qua-coc-deo-thom-la-mieng-don-tet-4416423.html
Món Tết,https://vnexpress.net/ca-tram-den-kho-rieng-mon-ngon-tet-xua-ha-noi-4421489.html
Món Tết,https://vnexpress.net/cach-lam-mut-dua-truyen-thong-don-gian-4421492.html
Món Tết,https://vnexpress.net/cach-muoi-hanh-trang-gion-chong-ngan-ngay-tet-4421478.html
Món Tết,https://vnexpress.net/cach-lam-dua-gop-gion-ngon-cho-ngay-tet-4416439.html
Món Tết,https://vnexpress.net/doi-song-cooking-nem-ran-4419689.html
Món Tết,https://vnexpress.net/cach-chon-va-luoc-ga-le-dep-mat-4420365.html
Món Tết,https://vnexpress.net/mam-co-cung-ong-tao-truyen-thong-mien-bac-4420344.html
Món Tết,https://vnexpress.net/doi-song-cooking-xoi-gac-4419686.html
Món Tết,https://vnexpress.net/thit-kho-tau-kieu-bac-mon-ngon-tet-den-4419682.html
Món Tết,https://vnexpress.net/cach-lam-mut-quat-khong-dang-khong-dung-nuoc-voi-4416929.html
Món Tết,https://vnexpress.net/doi-song-cooking-mut-gung-4416925.html
Món Tết,https://vnexpress.net/cach-lam-thit-ba-chi-mot-nang-4418477.html
Món Tết,https://vnexpress.net/keo-mit-deo-la-cho-ngay-tet-4417764.html
Món Tết,https://vnexpress.net/mut-me-goi-tet-mien-tay-4415229.html
Món Tết,https://vnexpress.net/bap-bo-ngam-xi-dau-4416911.html
Món Tết,https://vnexpress.net/cach-lam-mut-ca-rot-khong-can-nuoc-voi-trong-4416921.html
Món Tết,https://vnexpress.net/canh-mong-gio-ham-mang-kho-kieu-bac-4416939.html
Món Tết,https://vnexpress.net/cach-nau-thit-dong-trong-veo-dep-mat-don-tet-4416933.html
Món Tết,https://vnexpress.net/doi-song-cooking-ga-kho-la-chanh-4416434.html
Món Tết,https://vnexpress.net/mut-dua-non-net-am-thuc-moi-ngay-tet-4415245.html
Món Tết,https://vnexpress.net/mut-coc-bao-tu-deo-chua-ngay-tet-4415267.html
Món Tết,https://vnexpress.net/cach-lam-mut-cam-deo-don-tet-4415330.html
Món Tết,https://vnexpress.net/cach-lam-heo-kho-xe-soi-4414027.html
Món Tết,https://vnexpress.net/banh-hanh-pho-mai-keo-soi-hot-trend-tet-2022-4414059.html
Món Tết,https://vnexpress.net/lam-mut-vo-cam-don-tet-4412843.html
Món Tết,https://vnexpress.net/cach-lam-ga-kho-la-chanh-4412875.html
Món Tết,https://vnexpress.net/banh-bong-tuyet-cha-bong-trung-muoi-cho-nam-moi-4411348.html
Món Tết,https://vnexpress.net/cach-lam-banh-quy-bo-vanillekipferl-don-gian-cho-giang-sinh-4407759.html
Món Tết,https://vnexpress.net/suon-tang-nuong-cam-cho-tiec-giang-sinh-4407772.html
Món Tết,https://vnexpress.net/banh-cay-thong-cho-tiec-giang-sinh-an-lanh-4406198.html
Món Tết,https://vnexpress.net/cach-lam-banh-my-bong-tuyet-cho-giang-sinh-4406206.html
Món Tết,https://vnexpress.net/banh-thuyen-hat-cho-mua-giang-sinh-nam-moi-2022-4406234.html
Món ngon hàng ngày,https://vnexpress.net/mam-com-dan-da-ngay-he-voi-ca-ngan-4899079.html
Món ngon hàng ngày,https://vnexpress.net/thit-vit-co-bo-hon-ga-4836915.html
Món ngon hàng ngày,https://vnexpress.net/doi-song-cooking-mam-com-dong-que-mua-he-4617908.html
Món ngon hàng ngày,https://vnexpress.net/doi-song-cooking-nhung-mon-an-dong-que-mua-he-4612425.html
Món ngon hàng ngày,https://vnexpress.net/doi-song-cooking-mam-com-he-ha-noi-dan-da-ma-dua-mieng-4609200.html
Món ngon hàng ngày,https://vnexpress.net/doi-song-cooking-xoi-man-thap-cam-4573609.html
Món ngon hàng ngày,https://vnexpress.net/doi-song-cooking-lon-quay-kho-dua-cai-chua-4571409.html
Món ngon hàng ngày,https://vnexpress.net/doi-song-cooking-long-thuon-hanh-ram-4569189.html
Món ngon hàng ngày,https://vnexpress.net/doi-song-cooking-ca-ri-bo-4568144.html
Món ngon hàng ngày,https://vnexpress.net/doi-song-cooking-bi-baby-nhoi-thit-hap-4552430.html
Món ngon hàng ngày,https://vnexpress.net/doi-song-cooking-bo-kho-gung-4550930.html
Món ngon hàng ngày,https://vnexpress.net/doi-song-cooking-trung-vit-lon-nuong-muoi-ot-4547679.html
Món ngon hàng ngày,https://vnexpress.net/doi-song-cooking-muc-chien-nuoc-mam-4546892.html
Món ngon hàng ngày,https://vnexpress.net/doi-song-cooking-long-non-doi-sun-4546649.html
Món ngon hàng ngày,https://vnexpress.net/doi-song-cooking-luon-om-chuoi-dau-4545372.html
Món ngon hàng ngày,https://vnexpress.net/doi-song-cooking-duoi-heo-nau-rua-man-4544774.html
Món ngon hàng ngày,https://vnexpress.net/doi-song-cooking-chim-cau-bam-xuc-phong-tom-4543309.html
Món ngon hàng ngày,https://vnexpress.net/doi-song-cooking-cac-mon-canh-cho-mua-dong-4541533.html
Món ngon hàng ngày,https://vnexpress.net/doi-song-cooking-canh-ga-nuong-mat-ong-4540139.html
Món ngon hàng ngày,https://vnexpress.net/doi-song-cooking-oc-buou-nuong-tieu-xanh-4539146.html
Món ngon hàng ngày,https://vnexpress.net/doi-song-cooking-luon-xao-sa-ot-4536815.html
Món ngon hàng ngày,https://vnexpress.net/doi-song-cooking-ca-bong-kho-tuong-4536424.html
Món ngon hàng ngày,https://vnexpress.net/doi-song-cooking-canh-bun-ca-4535424.html
Món ngon hàng ngày,https://vnexpress.net/doi-song-cooking-canh-cai-cuc-thit-bam-4534981.html
Món ngon hàng ngày,https://vnexpress.net/doi-song-cooking-mien-luon-nuoc-4534468.html
Món ngon hàng ngày,https://vnexpress.net/doi-song-cooking-tep-dong-rang-ba-chi-4533955.html
Món ngon hàng ngày,https://vnexpress.net/doi-song-cooking-chan-gio-heo-ham-du-du-4533177.html
Món ngon hàng ngày,https://vnexpress.net/doi-song-cooking-thit-dai-lon-nuong-4532534.html
Món ngon hàng ngày,https://vnexpress.net/doi-song-cooking-canh-ca-rau-can-4530720.html
Món ngon hàng ngày,https://vnexpress.net/doi-song-cooking-cach-lam-xoi-ca-ro-dong-4529847.html
Món ngon hàng ngày,https://vnexpress.net/doi-song-cooking-canh-ca-doc-mung-4529556.html
Món ngon hàng ngày,https://vnexpress.net/doi-song-cooking-long-xao-nghe-4527280.html
Món ngon hàng ngày,https://vnexpress.net/doi-song-cooking-muc-xao-can-toi-tay-4526662.html
Món ngon hàng ngày,https://vnexpress.net/doi-song-cooking-cu-nieng-xao-thit-bo-4526289.html
Món ngon hàng ngày,https://vnexpress.net/doi-song-cooking-ca-ro-dong-kho-khe-4525821.html
Món ngon hàng ngày,https://vnexpress.net/doi-song-cooking-tim-heo-xao-chua-ngot-4524852.html
Món ngon hàng ngày,https://vnexpress.net/doi-song-cooking-canh-cu-san-nau-ca-qua-4524562.html
Món ngon hàng ngày,https://vnexpress.net/doi-song-cooking-canh-thit-bo-thuon-hanh-ram-4524096.html
Món ngon hàng ngày,https://vnexpress.net/doi-song-cooking-ca-kho-tram-xanh-4522612.html
Món ngon hàng ngày,https://vnexpress.net/doi-song-cooking-bo-sot-tieu-den-4521028.html
Món ngon hàng ngày,https://vnexpress.net/doi-song-cooking-cach-lam-xiu-mai-4517845.html
Món ngon hàng ngày,https://vnexpress.net/doi-song-cooking-bo-kho-kieu-mien-nam-4517663.html
Món ngon hàng ngày,https://vnexpress.net/doi-song-cooking-bo-xao-sa-ot-4517310.html
Món ngon hàng ngày,https://vnexpress.net/doi-song-cooking-ca-ro-phi-nuong-rieng-sa-4516781.html
Món ngon hàng ngày,https://vnexpress.net/doi-song-cooking-ca-phao-ram-thit-ba-chi-la-lot-4516363.html
Món ngon hàng ngày,https://vnexpress.net/doi-song-cooking-ca-kho-cu-cai-trang-4515525.html
Món ngon hàng ngày,https://vnexpress.net/doi-song-cooking-xoi-tram-4514195.html
Món ngon hàng ngày,https://vnexpress.net/doi-song-cooking-oc-xao-khe-la-gung-4513658.html
Món ngon hàng ngày,https://vnexpress.net/doi-song-cooking-canh-bau-nhoi-thit-4512593.html
Món ngon hàng ngày,https://vnexpress.net/doi-song-cooking-ba-chi-chien-mam-4510376.html
Món ngon hàng ngày,https://vnexpress.net/doi-song-cooking-ech-xao-mang-4504827.html
Món ngon hàng ngày,https://vnexpress.net/doi-song-cooking-ca-nuong-muoi-ot-4504633.html
Món ngon hàng ngày,https://vnexpress.net/doi-song-cooking-dau-phu-nhoi-thit-sot-ca-chua-4503398.html
Món ngon hàng ngày,https://vnexpress.net/doi-song-cooking-ca-nuc-kho-thom-dam-vi-hao-com-4500760.html
Món ngon hàng ngày,https://vnexpress.net/doi-song-cooking-ngan-xao-lan-gion-ngon-nhu-nha-hang-4499915.html
Món ngon hàng ngày,https://vnexpress.net/doi-song-cooking-bun-gao-xao-chay-4497090.html
Món ngon hàng ngày,https://vnexpress.net/doi-song-cooking-bun-oc-nong-4496617.html
Món ngon hàng ngày,https://vnexpress.net/doi-song-cooking-mong-toi-xao-toi-4495929.html
Món ngon hàng ngày,https://vnexpress.net/doi-song-cooking-cach-lam-mon-than-lon-rim-tieu-4495379.html
Món ngon hàng ngày,https://vnexpress.net/doi-song-cooking-tau-hu-khia-nuoc-dua-4495062.html
Món ngon hàng ngày,https://vnexpress.net/doi-song-cooking-mi-tom-xao-bo-4493944.html
Món ngon hàng ngày,https://vnexpress.net/doi-song-cooking-be-tai-chanh-4493654.html
Món ngon hàng ngày,https://vnexpress.net/doi-song-cooking-gia-cay-an-phu-4492308.html
Món ngon hàng ngày,https://vnexpress.net/doi-song-cooking-tom-chien-xu-sot-me-4491859.html
Món ngon hàng ngày,https://vnexpress.net/doi-song-cooking-ca-ro-dong-chien-gion-4491437.html
Món ngon hàng ngày,https://vnexpress.net/doi-song-cooking-goi-buoi-tom-muc-kho-4490135.html
Món ngon hàng ngày,https://vnexpress.net/doi-song-cooking-chim-cut-chien-bo-4489093.html
Món ngon hàng ngày,https://vnexpress.net/doi-song-cooking-thit-ba-chi-ran-hung-liu-4488761.html
Món ngon hàng ngày,https://vnexpress.net/doi-song-cooking-mien-mang-vit-4488516.html
Món ngon hàng ngày,https://vnexpress.net/doi-song-cooking-bun-doc-mung-ha-noi-4487736.html
Món ngon hàng ngày,https://vnexpress.net/doi-song-cooking-thit-ba-chi-kho-trung-cut-4487181.html
Món ngon hàng ngày,https://vnexpress.net/doi-song-cooking-xiu-mai-4485771.html
Món ngon hàng ngày,https://vnexpress.net/doi-song-cooking-thit-ba-chi-chien-muoi-sa-ot-4485414.html
Món ngon hàng ngày,https://vnexpress.net/doi-song-cooking-suon-heo-ram-man-4485033.html
Món ngon hàng ngày,https://vnexpress.net/doi-song-cooking-mien-xao-hai-san-4483171.html
Món ngon hàng ngày,https://vnexpress.net/doi-song-cooking-thit-bo-xao-hoa-thien-ly-4482951.html
Món ngon hàng ngày,https://vnexpress.net/doi-song-cooking-bo-kho-bo-sot-vang-4482744.html
Món ngon hàng ngày,https://vnexpress.net/doi-song-cooking-canh-bau-tom-4481255.html
Món ngon hàng ngày,https://vnexpress.net/doi-song-cooking-canh-hoa-thien-ly-4478918.html
Món ngon hàng ngày,https://vnexpress.net/doi-song-cooking-nau-canh-rau-ngot-4476846.html
Món ngon hàng ngày,https://vnexpress.net/doi-song-cooking-muop-xao-long-ga-4475506.html
Món ngon hàng ngày,https://vnexpress.net/doi-song-cooking-sau-ngam-mam-toi-4472846.html
Món ngon hàng ngày,https://vnexpress.net/doi-song-cooking-chao-suon-gan-ngo-xao-4472065.html
Món ngon hàng ngày,https://vnexpress.net/doi-song-cooking-ca-trich-kho-ca-chua-4471322.html
Món ngon hàng ngày,https://vnexpress.net/doi-song-cooking-nom-sua-xoai-xanh-4470790.html
Món ngon hàng ngày,https://vnexpress.net/canh-mang-muc-dac-san-truyen-thong-bat-trang-4470278.html
Món ngon hàng ngày,https://vnexpress.net/cong-thuc-nau-thit-kho-tau-don-gian-4469858.html
Món ngon hàng ngày,https://vnexpress.net/cach-lam-ca-bat-muoi-xoi-4468987.html
Món ngon hàng ngày,https://vnexpress.net/oc-kho-sa-ot-dam-vi-mien-tay-4468992.html
Món ngon hàng ngày,https://vnexpress.net/ba-chi-kho-mam-ruoc-mon-dan-da-xu-hue-4468387.html
Món ngon hàng ngày,https://vnexpress.net/ca-mai-ngao-mam-toi-4467791.html
Món ngon hàng ngày,https://vnexpress.net/mon-dan-da-tu-chuoi-thanh-dac-san-4467054.html
Món ngon hàng ngày,https://vnexpress.net/mon-ngon-dac-trung-ngay-he-mien-bac-4466387.html
Món ngon hàng ngày,https://vnexpress.net/canh-cua-khoai-so-rau-muong-goi-nho-huong-vi-xua-4465496.html
Món ngon hàng ngày,https://vnexpress.net/doi-song-cooking-canh-rieu-ca-bac-bo-4465481.html
Món ngon hàng ngày,https://vnexpress.net/ca-kho-ca-phao-mon-dan-da-ngay-he-xu-nghe-4464119.html
Món ngon hàng ngày,https://vnexpress.net/cong-thuc-lam-mon-bap-bo-ngam-tuong-don-gian-4463711.html
Món ngon hàng ngày,https://vnexpress.net/doi-song-cooking-canh-cua-4462675.html
Món ngon hàng ngày,https://vnexpress.net/cach-lam-thit-heo-quay-da-gion-tan-ngay-tai-nha-4462677.html
Món ngon hàng ngày,https://vnexpress.net/cong-thuc-lam-suon-nuong-ngon-4461948.html
Món ngon hàng ngày,https://vnexpress.net/cach-lam-mon-ca-nuong-bang-noi-chien-khong-dau-4461699.html
Món ngon hàng ngày,https://vnexpress.net/cach-lam-trung-ngam-tuong-don-gian-de-duoc-ca-tuan-4461327.html
Món ngon hàng ngày,https://vnexpress.net/suon-heo-cot-let-ram-nuoc-tuong-4460825.html
Món ngon hàng ngày,https://vnexpress.net/thit-luoc-cham-mam-tep-dua-com-ngay-he-4460275.html
Món ngon hàng ngày,https://vnexpress.net/bap-cai-cuon-tom-hap-4459734.html
Món ngon hàng ngày,https://vnexpress.net/doi-song-cooking-canh-ca-quynh-coi-4457244.html
Món ngon hàng ngày,https://vnexpress.net/cac-mon-bun-ngon-cho-dip-nghi-le-4458256.html
Món ngon hàng ngày,https://vnexpress.net/ca-hoi-sot-kem-4457828.html
Món ngon hàng ngày,https://vnexpress.net/ca-phao-xao-la-lot-mon-dan-da-ngay-he-4457286.html
Món ngon hàng ngày,https://vnexpress.net/canh-trai-nau-rau-ram-thanh-mat-ngay-he-4457257.html
Món ngon hàng ngày,https://vnexpress.net/huong-dan-lam-mon-bo-tai-chanh-don-gian-tai-nha-4456845.html
Món ngon hàng ngày,https://vnexpress.net/doi-song-cooking-tom-rang-thit-mon-an-quoc-dan-ngay-nong-4455371.html
Món ngon hàng ngày,https://vnexpress.net/thit-heo-quay-kho-dua-cai-chua-4455827.html
Món ngon hàng ngày,https://vnexpress.net/doi-song-cooking-oc-om-chuoi-dau-4455121.html
Món ngon hàng ngày,https://vnexpress.net/ca-nuc-kho-nuoc-dua-dam-vi-4453736.html
Món ngon hàng ngày,https://vnexpress.net/doi-song-cooking-cach-lam-my-y-don-gian-tai-nha-4453743.html
Món ngon hàng ngày,https://vnexpress.net/cong-thuc-mon-mai-cua-nuong-pho-mai-cuc-don-gian-4453854.html
Món ngon hàng ngày,https://vnexpress.net/xao-rau-muong-xanh-non-bang-noi-trong-3-phut-4453368.html
Món ngon hàng ngày,https://vnexpress.net/sup-ga-ngo-ngot-thanh-mat-4451919.html
Món ngon hàng ngày,https://vnexpress.net/ca-tram-kho-mat-mia-duom-vi-khong-can-nuoc-4451901.html
Món ngon hàng ngày,https://vnexpress.net/cach-lam-pizza-tu-mi-tom-cuc-don-gian-4451917.html
Món ngon hàng ngày,https://vnexpress.net/muc-nhoi-thit-sot-ca-chua-4451436.html
Món ngon hàng ngày,https://vnexpress.net/cach-lam-com-nguoi-chien-trung-ngon-nhu-nha-hang-4450985.html
Món ngon hàng ngày,https://vnexpress.net/doi-song-cooking-canh-ca-bung-thit-dau-4449600.html
Món ngon hàng ngày,https://vnexpress.net/ca-tim-nau-chay-4449591.html
Món ngon hàng ngày,https://vnexpress.net/ga-quay-tieu-den-kieu-kfc-4448389.html
Món ngon hàng ngày,https://vnexpress.net/canh-suon-non-4448817.html
Món ngon hàng ngày,https://vnexpress.net/ngu-qua-kho-quet-4448372.html
Món ngon hàng ngày,https://vnexpress.net/doi-song-cooking-ba-chi-rang-chay-canh-4446759.html
Món ngon hàng ngày,https://vnexpress.net/doi-song-cooking-cach-lam-bo-luc-lac-mem-ngon-chuan-vi-4446763.html
Món ngon hàng ngày,https://vnexpress.net/ca-loc-kho-tieu-kieu-nam-bo-4445412.html
Món ngon hàng ngày,https://vnexpress.net/cha-la-xuong-song-mon-ngon-cho-f0-4445424.html
Món ngon hàng ngày,https://vnexpress.net/doi-song-cooking-nom-rau-muong-gion-ngon-thanh-mat-4445896.html
Món ngon hàng ngày,https://vnexpress.net/cach-xao-my-don-gian-ngon-nhu-nha-hang-4445406.html
Món ngon hàng ngày,https://vnexpress.net/cach-xao-rau-muong-xanh-gion-4444514.html
Món ngon hàng ngày,https://vnexpress.net/cach-lam-thit-heo-kho-trung-cut-don-gian-ngon-mieng-4444497.html
Món ngon hàng ngày,https://vnexpress.net/trai-xao-la-lot-mon-an-thuong-nho-dong-que-4443075.html
Món ngon hàng ngày,https://vnexpress.net/nhung-mon-ngon-ha-noi-4440864.html
Món ngon hàng ngày,https://vnexpress.net/cach-lam-suon-xao-chua-ngot-4440888.html
Món ngon hàng ngày,https://vnexpress.net/com-chay-kho-quet-gion-rum-dam-da-4439968.html
Món ngon hàng ngày,https://vnexpress.net/cach-lam-kim-chi-cai-thao-don-gian-tai-nha-4439593.html
Món ngon hàng ngày,https://vnexpress.net/cach-lam-mon-ca-kho-to-don-gian-tai-nha-4439059.html
Món ngon hàng ngày,https://vnexpress.net/mon-ngon-tu-thit-ga-4437727.html
Món ngon hàng ngày,https://vnexpress.net/cach-lam-ga-ran-sot-cay-don-gian-4438196.html
Món ngon hàng ngày,https://vnexpress.net/nhung-mon-ngon-tu-dua-cai-chua-4436974.html
Món ngon hàng ngày,https://vnexpress.net/mon-ngon-dat-bac-dung-mam-tom-4435154.html
Món ngon hàng ngày,https://vnexpress.net/nhung-mon-nem-ran-ngon-xua-tan-gia-lanh-4433498.html
Món ngon hàng ngày,https://vnexpress.net/ca-bong-kho-to-kieu-mien-tay-4433477.html
Món ngon hàng ngày,https://vnexpress.net/doi-song-cooking-xoi-ngo-4432076.html
Món ngon hàng ngày,https://vnexpress.net/ca-kho-su-hao-dua-com-ngay-lanh-4432064.html
Món ngon hàng ngày,https://vnexpress.net/nem-chim-bo-cau-mon-ngon-bat-trang-4431636.html
Món ngon hàng ngày,https://vnexpress.net/chao-chim-cau-hat-sen-4429176.html
Món ngon hàng ngày,https://vnexpress.net/doi-song-cooking-nem-lui-4429186.html
Món ngon hàng ngày,https://vnexpress.net/cach-lam-bun-gia-cay-thom-ngon-tai-nha-4429168.html
Món ngon hàng ngày,https://vnexpress.net/ca-tram-nuong-rieng-me-doi-vi-cuoi-tuan-4429145.html
Món ngon hàng ngày,https://vnexpress.net/ca-kho-tram-dua-com-ngay-lanh-4426391.html
Món ngon hàng ngày,https://vnexpress.net/cuon-hanh-mon-ngon-van-nguoi-me-sau-tet-4426405.html
Món ngon hàng ngày,https://vnexpress.net/ga-nuong-tay-bac-cham-cham-cheo-4426409.html
Món ngon hàng ngày,https://vnexpress.net/doi-song-cooking-cach-lam-bun-ca-ngon-nhu-ngoai-hang-4425204.html
Món ngon hàng ngày,https://vnexpress.net/ga-rang-gung-mon-ngon-mua-dong-4414050.html
Món ngon hàng ngày,https://vnexpress.net/luon-chien-sot-teriyaki-4399201.html
Món ngon hàng ngày,https://vnexpress.net/cach-nau-gia-cay-nghe-an-chuan-vi-4409281.html
Món ngon hàng ngày,https://vnexpress.net/lam-mien-chim-cau-chat-ngon-hon-ngoai-tiem-4398845.html
Món ngon hàng ngày,https://vnexpress.net/bun-rieu-cua-truyen-thong-ha-noi-4404751.html
Món ngon hàng ngày,https://vnexpress.net/doi-song-cooking-suon-xao-chua-ngot-kieu-ha-noi-4404764.html
Món ngon hàng ngày,https://vnexpress.net/dau-hu-tay-cam-hai-san-4399172.html
Món ngon hàng ngày,https://vnexpress.net/canh-mong-gio-ham-du-du-4401267.html
Món ngon hàng ngày,https://vnexpress.net/nem-lui-tu-uc-ga-cho-nguoi-giam-can-4396867.html
Món ngon hàng ngày,https://vnexpress.net/trung-ca-chien-la-lot-mon-ngon-dan-da-thai-binh-4401276.html
Món ngon hàng ngày,https://vnexpress.net/doi-song-cooking-ca-kho-dua-4401255.html
Món ngon hàng ngày,https://vnexpress.net/doi-song-cooking-bo-sot-vang-kieu-ha-noi-4401248.html
Món ngon hàng ngày,https://vnexpress.net/chao-trai-thuc-qua-chieu-dong-ha-noi-4396515.html
Món ngon hàng ngày,https://vnexpress.net/cach-lam-trung-non-long-ga-chay-toi-ngon-nhu-tiem-4399221.html
Món ngon hàng ngày,https://vnexpress.net/bap-bo-ngam-mam-4398842.html
Món ngon hàng ngày,https://vnexpress.net/mang-xao-top-mo-dua-com-ngay-lanh-4396520.html
Món ngon hàng ngày,https://vnexpress.net/thit-ga-nau-dong-mon-ngon-mien-bac-4396539.html
Món ngon hàng ngày,https://vnexpress.net/bun-thit-xien-nuong-tu-noi-chien-khong-dau-4396926.html
Món ngon hàng ngày,https://vnexpress.net/ba-chi-om-chuoi-dau-4394890.html
Món ngon hàng ngày,https://vnexpress.net/ca-kho-chuoi-hao-com-ngay-dong-4394915.html
Món ngon hàng ngày,https://vnexpress.net/xoi-ga-nuoc-cot-dua-dau-phong-beo-ngay-4392766.html
Món ngon hàng ngày,https://vnexpress.net/cha-oc-cuon-la-lot-mon-ngon-dan-da-4390364.html
Món ngon hàng ngày,https://vnexpress.net/canh-rau-san-chua-nau-suon-mon-ngon-phu-tho-4390345.html
Món ngon hàng ngày,https://vnexpress.net/banh-da-xao-thit-4311606.html
Món ngon hàng ngày,https://vnexpress.net/cach-che-bien-vai-mon-au-don-gian-4311539.html
Món ngon hàng ngày,https://vnexpress.net/xoi-thit-hai-phong-mon-ngon-tru-danh-dat-cang-4390371.html
Món ngon hàng ngày,https://vnexpress.net/ga-kho-sa-nghe-mon-ngon-mien-trung-mua-dong-4390367.html
Món ngon hàng ngày,https://vnexpress.net/pho-heo-quay-cao-bang-4385526.html
Món ngon hàng ngày,https://vnexpress.net/canh-chua-ca-khoai-4385510.html
Món ngon hàng ngày,https://vnexpress.net/nhung-mon-ngon-cho-mua-heo-may-4311484.html
Món ngon hàng ngày,https://vnexpress.net/3-mon-ngon-de-lam-4311455.html
Món ngon hàng ngày,https://vnexpress.net/ca-chach-nau-hoa-chuoi-mon-ngon-thai-binh-4385111.html
Món ngon hàng ngày,https://vnexpress.net/salad-cu-sen-4311529.html
Món ngon hàng ngày,https://vnexpress.net/bien-tau-voi-mon-canh-4311501.html
Món ngon hàng ngày,https://vnexpress.net/cac-mon-an-dam-huong-que-4311479.html
Món ngon hàng ngày,https://vnexpress.net/hai-mon-ngon-chua-benh-4311475.html
Món ngon hàng ngày,https://vnexpress.net/doi-song-cooking-pate-4385509.html
Món ngon hàng ngày,https://vnexpress.net/cu-nieng-xao-trung-dac-san-nam-dinh-vao-mua-dong-4385506.html
Món ngon hàng ngày,https://vnexpress.net/bien-tau-mon-gan-4311449.html
Món ngon hàng ngày,https://vnexpress.net/quen-la-voi-tom-4311462.html
Món ngon hàng ngày,https://vnexpress.net/dua-leo-tron-ca-chua-4311431.html
Món ngon hàng ngày,https://vnexpress.net/hai-mon-ngay-thuong-ngon-mieng-4311469.html
Món ngon hàng ngày,https://vnexpress.net/hai-mon-ngon-mang-vi-ngot-cam-thao-4311314.html
Món ngon hàng ngày,https://vnexpress.net/nhung-mon-ngon-dam-da-vi-moi-4311459.html
Món ngon hàng ngày,https://vnexpress.net/mon-ngon-voi-ca-chua-4311445.html
Món ngon hàng ngày,https://vnexpress.net/mon-ngon-la-mieng-4311432.html
Món ngon hàng ngày,https://vnexpress.net/bua-com-dam-mau-sac-4311435.html
Món ngon hàng ngày,https://vnexpress.net/bun-xao-rau-can-mon-ngon-co-truyen-vung-co-loa-4379336.html
Món ngon hàng ngày,https://vnexpress.net/goi-cua-thanh-long-4311504.html
Món ngon hàng ngày,https://vnexpress.net/goi-rau-muong-chien-gion-4311457.html
Món ngon hàng ngày,https://vnexpress.net/ca-ba-sa-boc-xoi-4311454.html
Món ngon hàng ngày,https://vnexpress.net/cai-mam-nau-ngheu-4311451.html
Món ngon hàng ngày,https://vnexpress.net/canh-chua-ca-tre-4311448.html
Món ngon hàng ngày,https://vnexpress.net/dam-da-huong-vi-mon-cay-4311422.html
Món ngon hàng ngày,https://vnexpress.net/cac-mon-tu-com-quen-ma-la-4311400.html
Món ngon hàng ngày,https://vnexpress.net/thuc-don-la-mieng-ma-bat-mat-4311409.html
Món ngon hàng ngày,https://vnexpress.net/bua-an-am-cung-voi-4-mon-de-lam-4311410.html
Món ngon hàng ngày,https://vnexpress.net/hap-dan-tu-nhung-mon-quen-4311403.html
Món ngon hàng ngày,https://vnexpress.net/thuc-don-cho-nguoi-ban-ron-4311405.html
Món ngon hàng ngày,https://vnexpress.net/tro-tai-voi-cac-mon-ran-nong-4311408.html
Món ngon hàng ngày,https://vnexpress.net/com-dua-tom-rang-ben-tre-4379360.html
Món ngon hàng ngày,https://vnexpress.net/vai-mon-ngon-cho-bua-com-mua-lanh-4311415.html
Món ngon hàng ngày,https://vnexpress.net/3-mon-salad-mat-lanh-4311299.html
Món ngon hàng ngày,https://vnexpress.net/4-mon-ngon-tu-khoai-4311376.html
Món ngon hàng ngày,https://vnexpress.net/mon-la-tu-dua-chuot-4311339.html
Món ngon hàng ngày,https://vnexpress.net/nhung-mon-rau-hap-dan-be-4311316.html
Món ngon hàng ngày,https://vnexpress.net/3-mon-la-mieng-de-lam-4311401.html
Món ngon hàng ngày,https://vnexpress.net/mon-tron-hon-hop-4311383.html
Món ngon hàng ngày,https://vnexpress.net/3-mon-voi-ngheu-4311423.html
Món ngon hàng ngày,https://vnexpress.net/cha-gio-tom-cuon-4311714.html
Món ngon hàng ngày,https://vnexpress.net/hai-sam-nau-ga-4311705.html
Món ngon hàng ngày,https://vnexpress.net/muc-xao-tam-sac-4311687.html
Món ngon hàng ngày,https://vnexpress.net/ech-sot-chua-ngot-4311647.html
Món ngon hàng ngày,https://vnexpress.net/ca-ro-phi-sot-ca-chua-4311598.html
Món ngon hàng ngày,https://vnexpress.net/cach-lam-bun-ca-ro-rau-ngot-4372999.html
Món ngon hàng ngày,https://vnexpress.net/cha-thit-bo-nuong-la-lot-4311588.html
Món ngon hàng ngày,https://vnexpress.net/salad-thit-bo-4311552.html
Món ngon hàng ngày,https://vnexpress.net/gan-xao-dua-leo-4311535.html
Món ngon hàng ngày,https://vnexpress.net/canh-muop-tom-4311532.html
Món ngon hàng ngày,https://vnexpress.net/dua-leo-nhoi-thit-sot-ca-chua-4311526.html
Món ngon hàng ngày,https://vnexpress.net/ca-tam-bot-ran-4311554.html
Món ngon hàng ngày,https://vnexpress.net/ech-xao-mang-4311542.html
Món ngon hàng ngày,https://vnexpress.net/bau-hap-tom-thit-4311533.html
Món ngon hàng ngày,https://vnexpress.net/cang-cua-dong-rang-muoi-ot-4311541.html
Món ngon hàng ngày,https://vnexpress.net/thit-than-cuon-trai-cay-4311530.html
Món ngon hàng ngày,https://vnexpress.net/5-mon-om-ham-nong-ngay-lanh-4311243.html
Món ngon hàng ngày,https://vnexpress.net/canh-ngheu-nau-bau-4311505.html
Món ngon hàng ngày,https://vnexpress.net/tom-rang-thit-ba-chi-4311474.html
Món ngon hàng ngày,https://vnexpress.net/cha-gio-sen-4311498.html
Món ngon hàng ngày,https://vnexpress.net/hai-mon-ngon-lam-dep-da-4311470.html
Món ngon hàng ngày,https://vnexpress.net/tom-nuong-pho-mai-4311491.html
Món ngon hàng ngày,https://vnexpress.net/canh-chua-gio-heo-4311494.html
Món ngon hàng ngày,https://vnexpress.net/goi-sach-bo-4311492.html
Món ngon hàng ngày,https://vnexpress.net/cha-cua-nuong-to-4311476.html
Món ngon hàng ngày,https://vnexpress.net/ga-ham-nam-4311464.html
Món ngon hàng ngày,https://vnexpress.net/salad-tron-dau-giam-4311364.html
Món ngon hàng ngày,https://vnexpress.net/sup-miso-cua-nhat-ban-4311359.html
Món ngon hàng ngày,https://vnexpress.net/bo-tai-me-4311429.html
Món ngon hàng ngày,https://vnexpress.net/thit-ba-chi-kho-dua-4311427.html
Món ngon hàng ngày,https://vnexpress.net/canh-vit-nau-mang-4311426.html
Món ngon hàng ngày,https://vnexpress.net/vit-kho-nuoc-dua-4311419.html
Món ngon hàng ngày,https://vnexpress.net/suon-nau-bung-4311414.html
Món ngon hàng ngày,https://vnexpress.net/toi-ga-rut-xuong-nhoi-thit-nuong-4311387.html
Món ngon hàng ngày,https://vnexpress.net/nhung-mon-ngon-che-bien-tu-sen-4311424.html
Món ngon hàng ngày,https://vnexpress.net/mien-tron-kieu-han-4311399.html
Món ngon hàng ngày,https://vnexpress.net/mien-xao-luon-4311388.html
Món ngon hàng ngày,https://vnexpress.net/suon-ham-rau-cu-4311384.html
Món ngon hàng ngày,https://vnexpress.net/trung-hap-van-4311375.html
Món ngon hàng ngày,https://vnexpress.net/thit-bo-luc-lac-4311407.html
Món ngon hàng ngày,https://vnexpress.net/suon-heo-xot-cam-4311374.html
Món ngon hàng ngày,https://vnexpress.net/tom-xao-ot-kho-4311371.html
Món ngon hàng ngày,https://vnexpress.net/thit-xao-gia-ot-4311368.html
Món ngon hàng ngày,https://vnexpress.net/my-xao-gion-4311370.html
Món ngon hàng ngày,https://vnexpress.net/ca-chep-om-dua-4311361.html
Món ngon hàng ngày,https://vnexpress.net/thit-bo-xao-khoai-tay-4311312.html
Món ngon hàng ngày,https://vnexpress.net/long-non-xao-dua-chua-4311323.html
Món ngon hàng ngày,https://vnexpress.net/ca-qua-nau-am-mon-ngon-dan-da-thai-binh-4369025.html
Món ngon hàng ngày,https://vnexpress.net/bo-sot-nam-4311369.html
Món ngon hàng ngày,https://vnexpress.net/canh-tom-nau-bi-4311354.html
Món ngon hàng ngày,https://vnexpress.net/nom-mang-chua-4311337.html
Món ngon hàng ngày,https://vnexpress.net/thit-kho-com-dua-4311355.html
Món ngon hàng ngày,https://vnexpress.net/ga-xao-hanh-nhan-4311335.html
Món ngon hàng ngày,https://vnexpress.net/cach-nau-xoi-xeo-deo-thom-bang-noi-com-dien-4369033.html
Món ngon hàng ngày,https://vnexpress.net/muc-xao-roi-4311346.html
Món ngon hàng ngày,https://vnexpress.net/nom-rau-muong-4311340.html
Món ngon hàng ngày,https://vnexpress.net/sa-lat-ga-4311328.html
Món ngon hàng ngày,https://vnexpress.net/cac-mon-ngon-tu-thit-ech-4311324.html
Món ngon hàng ngày,https://vnexpress.net/mon-an-doc-dao-voi-gao-nep-va-dau-tay-4311253.html
Món ngon hàng ngày,https://vnexpress.net/tu-lam-kim-chi-han-quoc-4311283.html
Món ngon hàng ngày,https://vnexpress.net/dau-chien-trung-muoi-4311336.html
Món ngon hàng ngày,https://vnexpress.net/suon-xao-chua-ngot-4311351.html
Món ngon hàng ngày,https://vnexpress.net/pho-mai-trung-cuon-4311326.html
Món ngon hàng ngày,https://vnexpress.net/ca-hoi-bo-lo-sot-bo-chanh-4311317.html
Món ngon hàng ngày,https://vnexpress.net/canh-suon-non-nha-dam-va-dau-xanh-4311315.html
Món ngon hàng ngày,https://vnexpress.net/ca-qua-kho-tuong-4311311.html
Món ngon hàng ngày,https://vnexpress.net/ga-rang-muoi-4311300.html
Món ngon hàng ngày,https://vnexpress.net/dau-hu-chien-sot-tieu-4311295.html
Món ngon hàng ngày,https://vnexpress.net/canh-khoai-mo-tom-tuoi-4311292.html
Món ngon hàng ngày,https://vnexpress.net/3-mon-cho-nguoi-nghen-4311290.html
Món ngon hàng ngày,https://vnexpress.net/muc-chien-gion-4311291.html
Món ngon hàng ngày,https://vnexpress.net/rau-xao-bat-vi-chay-4311286.html
Món ngon hàng ngày,https://vnexpress.net/tom-rang-muoi-4311284.html
Món ngon hàng ngày,https://vnexpress.net/nam-rom-xao-sa-te-4311277.html
Món ngon hàng ngày,https://vnexpress.net/bo-sot-tieu-den-4311273.html
Món ngon hàng ngày,https://vnexpress.net/ca-chim-xot-nam-linh-chi-4311272.html
Món ngon hàng ngày,https://vnexpress.net/tom-chien-xop-4311288.html
Món ngon hàng ngày,https://vnexpress.net/thit-bo-xao-thap-cam-4311271.html
Món ngon hàng ngày,https://vnexpress.net/canh-bo-nau-khe-4311266.html
Món ngon hàng ngày,https://vnexpress.net/cach-lam-cha-com-moc-mon-ngon-mua-thu-ha-noi-4366259.html
Món ngon hàng ngày,https://vnexpress.net/trung-duc-nam-ran-4311262.html
Món ngon hàng ngày,https://vnexpress.net/salad-trung-va-dua-chuot-muoi-4311255.html
Món ngon hàng ngày,https://vnexpress.net/goi-bo-chua-cay-4311237.html
Món ngon hàng ngày,https://vnexpress.net/thit-bo-thung-4311234.html
Món ngon hàng ngày,https://vnexpress.net/dui-ga-ran-mem-4311280.html
Món ngon hàng ngày,https://vnexpress.net/nem-cong-cha-phuong-4311229.html
Món ngon hàng ngày,https://vnexpress.net/bat-mat-va-ngon-mieng-voi-ot-chuong-4311206.html
Món ngon hàng ngày,https://vnexpress.net/4-mon-ngon-tu-hoa-thien-ly-4311207.html
Món ngon hàng ngày,https://vnexpress.net/com-am-phu-4311239.html
Món ngon hàng ngày,https://vnexpress.net/nom-tom-mien-4311215.html
Món ngon hàng ngày,https://vnexpress.net/oc-nau-chuoi-dau-4311238.html
Món ngon hàng ngày,https://vnexpress.net/bap-bo-luoc-mam-4311224.html
Món ngon hàng ngày,https://vnexpress.net/vit-nau-chao-4311217.html
Món ngon hàng ngày,https://vnexpress.net/tom-sot-hat-thong-4311216.html
Món ngon hàng ngày,https://vnexpress.net/ga-xoi-mo-4311210.html
Món ngon hàng ngày,https://vnexpress.net/mon-la-hai-san-4311204.html
Món ngon hàng ngày,https://vnexpress.net/tom-chien-dua-kho-4311365.html
Món ngon hàng ngày,https://vnexpress.net/cha-ca-thi-la-4311356.html
Món ngon hàng ngày,https://vnexpress.net/ca-qua-chien-xu-4311177.html
Món ngon hàng ngày,https://vnexpress.net/tom-su-hap-thuoc-bac-4311168.html
Món ngon hàng ngày,https://vnexpress.net/cha-gio-muc-4311161.html
Món ngon hàng ngày,https://vnexpress.net/cach-lam-mien-vit-mang-kho-don-gian-tai-nha-4362202.html
Món ngon hàng ngày,https://vnexpress.net/goi-tom-cu-sen-hanh-nhan-4311147.html
Món ngon hàng ngày,https://vnexpress.net/canh-ga-nhoi-com-4311193.html
Món ngon hàng ngày,https://vnexpress.net/cach-lam-mon-thit-nuong-kieu-thai-4311187.html
Món ngon hàng ngày,https://vnexpress.net/trung-chien-la-lot-mon-an-dan-da-tuoi-tho-4358136.html
Món ngon hàng ngày,https://vnexpress.net/ca-nuc-kho-keo-mon-hao-com-ngay-mua-4358123.html
Món ngon hàng ngày,https://vnexpress.net/lam-pho-ga-tron-thom-ngon-4354889.html
Món ngon hàng ngày,https://vnexpress.net/cach-lam-ca-vien-chien-tu-com-nguoi-4354872.html
Món ngon hàng ngày,https://vnexpress.net/cach-nau-xoi-dau-den-cap-toc-bang-noi-com-dien-4354880.html
Món ngon hàng ngày,https://vnexpress.net/doi-song-cooking-pho-ga-don-gian-ma-thom-ngon-ngay-gian-cach-4354886.html
Món ngon hàng ngày,https://vnexpress.net/canh-ca-giam-me-4311166.html
Món ngon hàng ngày,https://vnexpress.net/nui-xao-thit-bo-4311129.html
Món ngon hàng ngày,https://vnexpress.net/lau-cua-dong-4311110.html
Món ngon hàng ngày,https://vnexpress.net/canh-thit-bo-nam-huong-4311105.html
Món ngon hàng ngày,https://vnexpress.net/salad-nga-rau-cu-4311104.html
Món ngon hàng ngày,https://vnexpress.net/bo-nuong-chao-4311160.html
Món ngon hàng ngày,https://vnexpress.net/cach-lam-banh-goi-don-gian-4311158.html
Món ngon hàng ngày,https://vnexpress.net/ga-cuon-sot-cam-sanh-4311153.html
Món ngon hàng ngày,https://vnexpress.net/ga-chien-hung-que-kieu-dai-loan-gion-rum-4347314.html
Món ngon hàng ngày,https://vnexpress.net/vit-om-bia-bo-duong-4311099.html
Món ngon hàng ngày,https://vnexpress.net/cach-lam-mon-cu-cai-trang-nhoi-thit-don-gian-4311091.html
Món ngon hàng ngày,https://vnexpress.net/thom-ngon-tu-thit-ech-4311032.html
Món ngon hàng ngày,https://vnexpress.net/cach-lam-mon-suon-non-rang-muoi-4328296.html
Món ngon hàng ngày,https://vnexpress.net/cac-mon-ca-dan-da-gay-thuong-nho-4339855.html
Món ngon hàng ngày,https://vnexpress.net/banh-da-do-tron-thit-ga-chua-ngot-4311084.html
Món ngon hàng ngày,https://vnexpress.net/tom-xao-muop-huong-4311100.html
Món ngon hàng ngày,https://vnexpress.net/thom-ngon-cha-ca-la-chanh-4311087.html
Món ngon hàng ngày,https://vnexpress.net/canh-ga-xao-ot-chuong-4311065.html
Món ngon hàng ngày,https://vnexpress.net/la-mieng-voi-suon-hap-bia-4311072.html
Món ngon hàng ngày,https://vnexpress.net/thit-kho-nam-rom-4311083.html
Món ngon hàng ngày,https://vnexpress.net/ca-chep-kho-rieng-kieu-mien-bac-4311082.html
Món ngon hàng ngày,https://vnexpress.net/banh-khoai-tay-nhan-thit-4311070.html
Món ngon hàng ngày,https://vnexpress.net/ngao-xao-hung-que-4311063.html
Món ngon hàng ngày,https://vnexpress.net/muc-don-thit-4311058.html
Món ngon hàng ngày,https://vnexpress.net/cach-lam-kim-chi-dua-leo-don-gian-tai-nha-4331755.html
Món ngon hàng ngày,https://vnexpress.net/ram-kho-la-lot-mon-ngon-thai-binh-4331741.html
Món ngon hàng ngày,https://vnexpress.net/cha-gio-muc-banh-da-4311045.html
Món ngon hàng ngày,https://vnexpress.net/than-heo-roti-4311044.html
Món ngon hàng ngày,https://vnexpress.net/com-ga-nau-tho-4311030.html
Món ngon hàng ngày,https://vnexpress.net/suon-ham-ngo-non-4311028.html
Món ngon hàng ngày,https://vnexpress.net/canh-ga-nau-nam-4311012.html
Món ngon hàng ngày,https://vnexpress.net/nom-ga-hoa-chuoi-4311011.html
Món ngon hàng ngày,https://vnexpress.net/gio-heo-muoi-chien-gion-4311008.html
Món ngon hàng ngày,https://vnexpress.net/bun-bo-ca-chua-4311007.html
Món ngon hàng ngày,https://vnexpress.net/cu-cai-duong-nau-thit-bam-4311004.html
Món ngon hàng ngày,https://vnexpress.net/ga-lan-bot-chien-xu-4311003.html
Món ngon hàng ngày,https://vnexpress.net/ca-ba-sa-tam-me-4311001.html
Món ngon hàng ngày,https://vnexpress.net/cha-gio-khoai-mon-4311000.html
Món ngon hàng ngày,https://vnexpress.net/ga-cuon-hap-4310987.html
Món ngon hàng ngày,https://vnexpress.net/khoai-tay-om-thit-ga-4310967.html
Món ngon hàng ngày,https://vnexpress.net/goi-du-du-tom-dat-4310954.html
Món ngon hàng ngày,https://vnexpress.net/thit-bo-ham-nuoc-dua-4310953.html
Món ngon hàng ngày,https://vnexpress.net/bao-tu-bop-rau-dam-4310951.html
Món ngon hàng ngày,https://vnexpress.net/cac-mon-ngon-tu-top-mo-4328215.html
Món ngon hàng ngày,https://vnexpress.net/ca-hoi-ngam-tuong-mon-gay-sot-mua-he-4325134.html
Món ngon hàng ngày,https://vnexpress.net/muop-dang-nhoi-thit-sot-dau-hao-4325139.html
Món ngon hàng ngày,https://vnexpress.net/cha-gio-khoai-mon-thit-heo-4325150.html
Món ngon hàng ngày,https://vnexpress.net/com-chien-duong-chau-hai-san-4325154.html
Món ngon hàng ngày,https://vnexpress.net/doi-song-cooking-de-suon-bo-om-dua-cai-chua-4327201.html
Món ngon hàng ngày,https://vnexpress.net/canh-chua-dau-ca-dieu-hong-nau-dau-rong-4325158.html
Món ngon hàng ngày,https://vnexpress.net/chan-ga-rut-xuong-tron-coc-non-4325165.html
Món ngon hàng ngày,https://vnexpress.net/lam-trung-hap-mem-nhu-banh-pudding-bang-noi-chien-khong-dau-4325188.html
Món ngon hàng ngày,https://vnexpress.net/xoi-ca-kho-nha-trang-4325178.html
Món ngon hàng ngày,https://vnexpress.net/chao-trai-cho-bua-sang-4325198.html
Món ngon hàng ngày,https://vnexpress.net/cach-lam-canh-don-mong-toi-ngot-mat-4309537.html
Món ngon hàng ngày,https://vnexpress.net/cach-nau-chan-gio-gia-cay-kieu-bac-4309488.html
Món ngon hàng ngày,https://vnexpress.net/cach-lam-ca-trich-kho-ruc-4306797.html
Món ngon hàng ngày,https://vnexpress.net/xoi-gac-deo-ngot-4325185.html
Món ngon hàng ngày,https://vnexpress.net/cach-lam-luon-ga-rang-la-ca-ri-ngon-nhu-nha-hang-4298555.html
Món ngon hàng ngày,https://vnexpress.net/doi-song-cooking-ca-diec-kho-tuong-4298539.html
Món ngon hàng ngày,https://vnexpress.net/cach-lam-mon-ca-loc-xao-mang-4298538.html
Món ngon hàng ngày,https://vnexpress.net/doi-song-cooking-thit-kho-mang-4298541.html
Món ngon hàng ngày,https://vnexpress.net/canh-moi-nau-dua-chua-mon-dua-com-ngay-he-4298542.html
Món ngon hàng ngày,https://vnexpress.net/canh-bi-ngoi-nau-tom-theo-cong-thuc-cua-chef-tuyet-pham-4298544.html
Món ngon hàng ngày,https://vnexpress.net/doi-song-cooking-canh-ga-chien-nuoc-mam-4298545.html
Món ngon hàng ngày,https://vnexpress.net/doi-song-cooking-canh-ngao-chua-nau-dua-4298537.html
Món ngon hàng ngày,https://vnexpress.net/cach-lam-cha-canh-hoa-sen-4298536.html
Món ngon hàng ngày,https://vnexpress.net/cach-don-gian-lam-xoi-mit-hoa-dau-biec-4298548.html
Món ngon hàng ngày,https://vnexpress.net/cach-lam-bo-cau-ham-thuoc-bac-ngai-cuu-4298549.html
Món ngon hàng ngày,https://vnexpress.net/doc-mung-muoi-chua-xu-nghe-4298535.html
Món ngon hàng ngày,https://vnexpress.net/bo-kho-mat-mia-dac-san-xu-nghe-4298552.html
Món ngon hàng ngày,https://vnexpress.net/cach-lam-xoi-chim-bo-cau-nam-huong-4298519.html
Món ngon hàng ngày,https://vnexpress.net/cach-lam-cha-ca-ngan-dac-san-song-da-4298516.html
Món ngon hàng ngày,https://vnexpress.net/doi-song-cooking-cut-lon-xao-me-4298514.html
Món ngon hàng ngày,https://vnexpress.net/doi-song-cooking-canh-rau-san-nau-ca-4298520.html
Món ngon hàng ngày,https://vnexpress.net/top-mo-chung-ca-chua-4298522.html
Món ngon hàng ngày,https://vnexpress.net/chan-ga-tron-xi-dau-mon-ngon-la-mieng-4298523.html
Món ngon hàng ngày,https://vnexpress.net/dau-phu-bao-bo-mon-ngon-mieng-vui-mat-4298524.html
Món ngon hàng ngày,https://vnexpress.net/dua-chuot-cuon-luon-ga-4298527.html
Món ngon hàng ngày,https://vnexpress.net/ca-com-sua-rim-dau-phong-4298525.html
Món ngon hàng ngày,https://vnexpress.net/ca-long-tong-chien-gion-cham-mam-toi-4298526.html
Món ngon hàng ngày,https://vnexpress.net/doi-song-cooking-kho-quet-4298513.html
Món ngon hàng ngày,https://vnexpress.net/cach-lam-ga-hap-la-sen-ngot-thom-cho-dip-le-4298512.html
Món ngon hàng ngày,https://vnexpress.net/cach-lam-khoai-tay-chien-gion-don-gian-4298528.html
Món ngon hàng ngày,https://vnexpress.net/cach-lam-ga-ran-kfc-thanh-cong-tu-lan-dau-tien-4298531.html
Món ngon hàng ngày,https://vnexpress.net/long-khia-nuoc-dua-4298532.html
Món ngon hàng ngày,https://vnexpress.net/cach-lam-cua-rang-me-4298510.html
Món ngon hàng ngày,https://vnexpress.net/trung-ngam-xi-dau-4298508.html
Món ngon hàng ngày,https://vnexpress.net/bi-quyet-lam-ca-phao-ngam-chua-ngot-khong-bi-den-4298473.html
Món ngon hàng ngày,https://vnexpress.net/cach-lam-xao-ga-thanh-chuong-noi-tieng-xu-nghe-4298472.html
Món ngon hàng ngày,https://vnexpress.net/canh-cua-dong-mon-khoai-khau-cho-ngay-nong-4298475.html
Món ngon hàng ngày,https://vnexpress.net/cach-lam-canh-ca-quynh-coi-tai-nha-4298471.html
Món ngon hàng ngày,https://vnexpress.net/dau-phu-tam-hanh-4298478.html
Món ngon hàng ngày,https://vnexpress.net/mam-tep-chung-thit-mon-an-don-gian-ma-hao-com-4298436.html
Món ngon hàng ngày,https://vnexpress.net/canh-ca-trau-nau-khe-giai-nhiet-mua-he-4298435.html
Món ngon hàng ngày,https://vnexpress.net/ngan-nau-gia-cay-kieu-nghe-an-4298437.html
Món ngon hàng ngày,https://vnexpress.net/muc-xao-chua-ngot-4298441.html
Món ngon hàng ngày,https://vnexpress.net/cach-lam-ga-xien-nuong-kieu-thai-4298439.html
Món ngon hàng ngày,https://vnexpress.net/doi-song-cooking-ga-rang-gung-mon-don-gian-nhung-hao-com-4298434.html
Món ngon hàng ngày,https://vnexpress.net/cong-thuc-lam-ca-nuc-kho-4298443.html
Món ngon hàng ngày,https://vnexpress.net/doi-song-cooking-suon-ram-4298442.html
Món ngon hàng ngày,https://vnexpress.net/mon-trung-hap-van-4298454.html
Món ngon hàng ngày,https://vnexpress.net/doi-song-cooking-canh-chua-ca-4298447.html
Món ngon hàng ngày,https://vnexpress.net/cach-nau-oc-chuoi-dau-chuan-vi-4298449.html
Món ngon hàng ngày,https://vnexpress.net/bi-quyet-lam-bun-ga-nuong-sa-trong-30-phut-4298450.html
Món ngon hàng ngày,https://vnexpress.net/tai-heo-cuon-ngu-vi-4298455.html
Món ngon hàng ngày,https://vnexpress.net/cach-lam-bun-thit-nuong-tai-nha-4298460.html
Món ngon hàng ngày,https://vnexpress.net/bi-quyet-lam-ca-chien-xu-trong-30-phut-4298459.html
Món ngon hàng ngày,https://vnexpress.net/bi-quyet-lam-ga-roti-thom-ngon-len-mau-dep-4298462.html
Món ngon hàng ngày,https://vnexpress.net/cach-lam-bap-bo-ngam-mam-4298465.html
Món ngon hàng ngày,https://vnexpress.net/cach-lam-nem-oc-cho-dip-tet-4298419.html
Món ngon hàng ngày,https://vnexpress.net/cach-lam-mon-mong-gio-ngam-sa-tac-4298416.html
Món ngon hàng ngày,https://vnexpress.net/cach-lam-bo-nuong-la-lot-4298415.html
Món ngon hàng ngày,https://vnexpress.net/cach-nau-thit-dong-kieu-bac-4298414.html
Món ngon hàng ngày,https://vnexpress.net/cach-lam-mon-tom-xoc-bo-toi-4298482.html
Món ngon hàng ngày,https://vnexpress.net/cach-lam-mon-tom-chien-gion-sot-mat-ong-4298485.html
Món ngon hàng ngày,https://vnexpress.net/thit-kho-trung-cui-dua-mon-hao-com-ngay-dong-4298486.html
Món ngon hàng ngày,https://vnexpress.net/mon-cha-gio-re-gion-rum-kieu-mien-nam-4298492.html
Món ngon hàng ngày,https://vnexpress.net/doi-song-cooking-sa-te-sa-ot-4298493.html
Món ngon hàng ngày,https://vnexpress.net/cach-giup-mon-chien-thom-ngon-4298505.html
Món ngon hàng ngày,https://vnexpress.net/4-mon-cho-bua-com-gia-dinh-4298507.html
Món ngon hàng ngày,https://vnexpress.net/cach-lam-vit-om-sau-don-gian-4298558.html
Món ngon ngày lạnh,https://vnexpress.net/quan-pho-bo-sot-vang-ha-noi-30-nam-luon-dong-khach-4636107.html
Món ngon ngày lạnh,https://vnexpress.net/doi-song-cooking-ca-thu-sot-ca-chua-4555370.html
Món ngon ngày lạnh,https://vnexpress.net/doi-song-cooking-bo-nhung-giam-4554569.html
Món ngon ngày lạnh,https://vnexpress.net/doi-song-cooking-ca-dieu-hong-hap-gung-hanh-4554129.html
Món ngon ngày lạnh,https://vnexpress.net/doi-song-cooking-suon-nuong-ngu-vi-4551925.html
Món ngon ngày lạnh,https://vnexpress.net/doi-song-cooking-nhung-mon-ham-bo-duong-mua-dong-4550582.html
Món ngon ngày lạnh,https://vnexpress.net/doi-song-cooking-lau-thai-chua-cay-am-ap-ngay-dong-4549462.html
Món ngon ngày lạnh,https://vnexpress.net/doi-song-cooking-nhung-mon-nuong-de-lam-cho-ngay-lanh-4549050.html
Món ngon ngày lạnh,https://vnexpress.net/doi-song-cooking-ca-ri-ga-4548568.html
Món ngon ngày lạnh,https://vnexpress.net/canh-ca-nau-su-hao-ngot-am-ngay-lanh-4408901.html
Món ngon ngày lạnh,https://vnexpress.net/che-xoai-ngot-thom-ngay-dong-4407784.html
Món ngon ngày lạnh,https://vnexpress.net/chan-ga-sot-kieu-thai-4401273.html
Món ngon ngày lạnh,https://vnexpress.net/bap-cai-cuon-thit-mem-ngon-dam-vi-4401236.html
Món ngon ngày lạnh,https://vnexpress.net/canh-ga-nuong-mat-ong-bang-lo-nuong-4398268.html
Món ngon ngày lạnh,https://vnexpress.net/ca-kho-tieu-mon-ngon-ngay-mua-4397424.html
Món ngon ngày lạnh,https://vnexpress.net/ghe-xot-chanh-day-chua-ngot-la-mieng-4396842.html
Món ngon ngày lạnh,https://vnexpress.net/bap-xao-tep-kho-mon-an-vat-than-thanh-4394901.html
Món ngon ngày lạnh,https://vnexpress.net/cach-lam-banh-mi-hot-dog-don-gian-tai-nha-4395029.html
Món ngon ngày lạnh,https://vnexpress.net/chan-gio-kho-nuoc-dua-tuoi-4394321.html
Món ngon ngày lạnh,https://vnexpress.net/hu-tieu-xao-kieu-thai-vi-chua-cay-4393596.html
Món ngon ngày lạnh,https://vnexpress.net/4-mon-ngon-am-nong-ngay-dau-dong-ha-noi-4392651.html
Món ngon ngày lạnh,https://vnexpress.net/bo-kho-chuan-vi-dai-ca-nha-4393062.html
Món ngon ngày lạnh,https://vnexpress.net/doi-song-cooking-thit-xien-nuong-4379344.html
Món ngon ngày lạnh,https://vnexpress.net/xoi-hat-de-am-long-ngay-dau-dong-4379357.html
Món ngon ngày lạnh,https://vnexpress.net/ca-com-kho-nghe-dac-san-nghe-an-4379343.html
Món ngon ngày lạnh,https://vnexpress.net/lau-bo-ot-xiem-xanh-4377241.html
Món ngon ngày lạnh,https://vnexpress.net/xoi-san-mon-qua-cua-mua-dong-4376839.html
Món ngon ngày lạnh,https://vnexpress.net/com-rang-top-mo-dua-chua-mon-goi-nho-tuoi-tho-4376837.html
Món ngon ngày lạnh,https://vnexpress.net/che-san-nong-am-long-ngay-se-lanh-4373003.html
Món ngon ngày lạnh,https://vnexpress.net/cach-lam-suon-nuong-tang-ngon-nhu-ngoai-tiem-4370731.html
Món ngon ngày lạnh,https://vnexpress.net/xoi-com-mon-an-duom-vi-thu-ha-noi-4370727.html
Món ngon cho cuối tuần,https://vnexpress.net/doi-song-cooking-lau-ga-nam-4569372.html
Món ngon cho cuối tuần,https://vnexpress.net/doi-song-cooking-lau-ca-chep-4566543.html
Món ngon cho cuối tuần,https://vnexpress.net/doi-song-cooking-bun-thang-4566080.html
Món ngon cho cuối tuần,https://vnexpress.net/doi-song-cooking-tom-nuong-sot-pho-mai-4552243.html
Món ngon cho cuối tuần,https://vnexpress.net/doi-song-cooking-lau-ga-la-e-4545655.html
Món ngon cho cuối tuần,https://vnexpress.net/doi-song-cooking-nong-heo-nuong-4523802.html
Món ngon cho cuối tuần,https://vnexpress.net/doi-song-cooking-lau-rieu-cua-bap-bo-4523547.html
Món ngon cho cuối tuần,https://vnexpress.net/doi-song-cooking-muc-chien-gion-4520784.html
Món ngon cho cuối tuần,https://vnexpress.net/doi-song-cooking-cach-lam-lau-oc-4512264.html
Món ngon cho cuối tuần,https://vnexpress.net/cach-lam-mon-bo-ap-chao-4437597.html
Món ngon cho cuối tuần,https://vnexpress.net/nhung-mon-bo-duong-tu-chim-cau-4434770.html
Món ngon cho cuối tuần,https://vnexpress.net/cac-mon-ngon-lam-tu-nha-dam-4311518.html
Món ngon cho cuối tuần,https://vnexpress.net/lau-tram-hoa-4311507.html
Món ngon cho cuối tuần,https://vnexpress.net/cac-mon-an-che-bien-voi-me-4311466.html
Món ngon cho cuối tuần,https://vnexpress.net/cac-mon-ngon-dai-khach-4311458.html
Món ngon cho cuối tuần,https://vnexpress.net/vi-ngot-tu-ngo-non-4311443.html
Món ngon cho cuối tuần,https://vnexpress.net/hai-mon-ngon-tu-buoi-4311472.html
Món ngon cho cuối tuần,https://vnexpress.net/hai-mon-ca-nuong-de-lam-4311391.html
Món ngon cho cuối tuần,https://vnexpress.net/mon-man-tu-hoa-qua-4311321.html
Món ngon cho cuối tuần,https://vnexpress.net/ca-ri-tom-cang-4311784.html
Món ngon cho cuối tuần,https://vnexpress.net/hau-dut-lo-4311766.html
Món ngon cho cuối tuần,https://vnexpress.net/hai-san-chien-nuong-cham-tuong-chua-4311706.html
Món ngon cho cuối tuần,https://vnexpress.net/canh-ga-nhoi-nam-chien-4311733.html
Món ngon cho cuối tuần,https://vnexpress.net/suon-nau-nho-4311616.html
Món ngon cho cuối tuần,https://vnexpress.net/com-chien-cua-4311559.html
Món ngon cho cuối tuần,https://vnexpress.net/goi-da-bo-4311568.html
Món ngon cho cuối tuần,https://vnexpress.net/cha-sen-tom-4311531.html
Món ngon cho cuối tuần,https://vnexpress.net/ngheu-sot-dau-hao-4311527.html
Món ngon cho cuối tuần,https://vnexpress.net/ngheu-cuon-4311519.html
Món ngon cho cuối tuần,https://vnexpress.net/canh-bi-do-ca-qua-4311516.html
Món ngon cho cuối tuần,https://vnexpress.net/cuon-tom-4311566.html
Món ngon cho cuối tuần,https://vnexpress.net/lau-ga-nau-nam-4311524.html
Món ngon cho cuối tuần,https://vnexpress.net/luon-nuong-la-nep-4311517.html
Món ngon cho cuối tuần,https://vnexpress.net/bo-nuong-kieu-4311513.html
Món ngon cho cuối tuần,https://vnexpress.net/cai-mam-cuon-ca-hoi-4311506.html
Món ngon cho cuối tuần,https://vnexpress.net/chach-trau-kho-tram-4311496.html
Món ngon cho cuối tuần,https://vnexpress.net/moc-cua-be-4311495.html
Món ngon cho cuối tuần,https://vnexpress.net/gio-heo-om-mia-4311473.html
Món ngon cho cuối tuần,https://vnexpress.net/banh-my-ga-xe-4311489.html
Món ngon cho cuối tuần,https://vnexpress.net/canh-mong-gio-ham-cu-sen-4311488.html
Món ngon cho cuối tuần,https://vnexpress.net/dui-ech-nhoi-thit-4311487.html
Món ngon cho cuối tuần,https://vnexpress.net/ca-ro-dong-kho-nuoc-dua-4311467.html
Món ngon cho cuối tuần,https://vnexpress.net/muc-nhoi-xoi-4311483.html
Món ngon cho cuối tuần,https://vnexpress.net/oc-mong-tay-xao-cay-4311481.html
Món ngon cho cuối tuần,https://vnexpress.net/la-mieng-voi-nam-4311438.html
Món ngon cho cuối tuần,https://vnexpress.net/ga-hap-muoi-4311440.html
Món ngon cho cuối tuần,https://vnexpress.net/gio-ga-4311412.html
Món ngon cho cuối tuần,https://vnexpress.net/nom-thap-cam-4311396.html
Món ngon cho cuối tuần,https://vnexpress.net/kheo-tay-voi-thit-bo-sot-vang-4311416.html
Món ngon cho cuối tuần,https://vnexpress.net/tai-mui-lon-nau-dong-4311398.html
Món ngon cho cuối tuần,https://vnexpress.net/nem-cuon-tom-thit-4311378.html
Món ngon cho cuối tuần,https://vnexpress.net/vit-nau-cam-4311406.html
Món ngon cho cuối tuần,https://vnexpress.net/bap-bo-ngam-mam-toi-4311389.html
Món ngon cho cuối tuần,https://vnexpress.net/ga-nau-ruou-nep-4311319.html
Món ngon cho cuối tuần,https://vnexpress.net/lau-cua-dong-4311318.html
Món ngon cho cuối tuần,https://vnexpress.net/canh-ga-nhoi-com-4311306.html
Món ngon cho cuối tuần,https://vnexpress.net/doi-luon-nuong-4311287.html
Món ngon cho cuối tuần,https://vnexpress.net/nom-mien-hai-san-4311357.html
Món ngon cho cuối tuần,https://vnexpress.net/nom-tai-heo-4311347.html
Món ngon cho cuối tuần,https://vnexpress.net/thit-bo-nuong-xa-ot-4311341.html
Món ngon cho cuối tuần,https://vnexpress.net/ca-tam-hap-gung-hanh-va-xot-xi-dau-4311333.html
Món ngon cho cuối tuần,https://vnexpress.net/khoai-tay-nghien-4311327.html
Món ngon cho cuối tuần,https://vnexpress.net/ga-quay-mem-4311308.html
Món ngon cho cuối tuần,https://vnexpress.net/ngao-nuong-mo-hanh-4311301.html
Món ngon cho cuối tuần,https://vnexpress.net/goi-rau-nhut-hai-san-4311298.html
Món ngon cho cuối tuần,https://vnexpress.net/sa-lat-tao-va-khoai-tay-4311289.html
Món ngon cho cuối tuần,https://vnexpress.net/suon-nuong-bbq-4311285.html
Món ngon cho cuối tuần,https://vnexpress.net/khoai-mon-le-pho-4311278.html
Món ngon cho cuối tuần,https://vnexpress.net/ba-roi-nuong-rieng-me-4311282.html
Món ngon cho cuối tuần,https://vnexpress.net/khoai-mon-boc-tom-chien-4311276.html
Món ngon cho cuối tuần,https://vnexpress.net/cay-cay-mon-oc-4311274.html
Món ngon cho cuối tuần,https://vnexpress.net/thit-ga-sot-uyen-uong-4311235.html
Món ngon cho cuối tuần,https://vnexpress.net/so-diep-nuong-mo-hanh-4311275.html
Món ngon cho cuối tuần,https://vnexpress.net/oc-huong-hap-hem-4311269.html
Món ngon cho cuối tuần,https://vnexpress.net/be-tai-chanh-4311263.html
Món ngon cho cuối tuần,https://vnexpress.net/salad-bo-tron-hai-san-4311259.html
Món ngon cho cuối tuần,https://vnexpress.net/goi-kho-bo-du-du-xanh-4311260.html
Món ngon cho cuối tuần,https://vnexpress.net/chao-de-4311248.html
Món ngon cho cuối tuần,https://vnexpress.net/bun-oc-4311241.html
Món ngon cho cuối tuần,https://vnexpress.net/ca-dieu-hong-nuong-giay-bac-4311246.html
Món ngon cho cuối tuần,https://vnexpress.net/suon-cuu-nuong-bia-den-4311244.html
Món ngon cho cuối tuần,https://vnexpress.net/suon-bo-ham-la-lot-4311236.html
Món ngon cho cuối tuần,https://vnexpress.net/canh-gio-heo-ham-bap-chuoi-4311219.html
Món ngon cho cuối tuần,https://vnexpress.net/cach-lam-bun-thang-don-gian-4311156.html
Món ngon cho cuối tuần,https://vnexpress.net/cach-lam-mon-ga-quay-da-gion-4311094.html
Món ngon cho cuối tuần,https://vnexpress.net/cach-lam-pizza-khong-can-lo-nuong-4333088.html
Món ngon cho cuối tuần,https://vnexpress.net/bap-bo-nhung-me-4310961.html
Món ngon cho cuối tuần,https://vnexpress.net/banh-canh-khoai-xat-vit-xiem-4325184.html
Món ngon cho cuối tuần,https://vnexpress.net/cach-nau-mien-ngan-mang-kho-ngon-nhu-ngoai-tiem-4296122.html
Món ngon cho cuối tuần,https://vnexpress.net/ca-chep-hap-la-sau-non-mon-doi-vi-cho-mua-he-4298546.html
Món ngon cho cuối tuần,https://vnexpress.net/com-chien-dua-kieu-thai-mon-la-mieng-mua-he-4298534.html
Món ngon cho cuối tuần,https://vnexpress.net/doi-song-cooking-com-tron-han-quoc-4298533.html
Món ngon cho cuối tuần,https://vnexpress.net/bun-bung-hoa-chuoi-thai-binh-4298509.html
Món ngon cho cuối tuần,https://vnexpress.net/mien-tron-kieu-han-quoc-4298476.html
Món ngon cho cuối tuần,https://vnexpress.net/nau-bun-bo-hue-tu-tuong-ca-chua-va-nuoc-dua-4298438.html
Món ngon cho cuối tuần,https://vnexpress.net/bun-oc-nguoi-ha-noi-4298440.html
Món ngon cho cuối tuần,https://vnexpress.net/cach-lam-com-ga-hai-nam-tai-nha-4298444.html
Món ngon cho cuối tuần,https://vnexpress.net/cach-lam-kim-chi-dua-chuot-4298433.html
Món ngon cho cuối tuần,https://vnexpress.net/nem-tai-thinh-mon-nhau-cho-cuoi-tuan-4298448.html
Món ngon cho cuối tuần,https://vnexpress.net/cach-lam-bo-kho-4298432.html
Món ngon cho cuối tuần,https://vnexpress.net/cach-nau-pho-bo-tai-nha-4298429.html
Món ngon cho cuối tuần,https://vnexpress.net/cach-lam-pho-cuon-ca-hoi-uop-muoi-chanh-4298461.html
Món ngon cho cuối tuần,https://vnexpress.net/cach-lam-nom-du-du-bo-nuong-4298463.html
Món ngon cho cuối tuần,https://vnexpress.net/mon-salad-ho-khoc-kieu-thai-4298464.html
Món ngon cho cuối tuần,https://vnexpress.net/cach-lam-pho-cuon-tai-nha-4298425.html
Món ngon cho cuối tuần,https://vnexpress.net/cach-lam-ha-cao-hinh-ca-vang-4298466.html
Món ngon cho cuối tuần,https://vnexpress.net/bi-quyet-lam-banh-tom-ho-tay-4298424.html
Món ngon cho cuối tuần,https://vnexpress.net/bun-thang-cho-ngay-mung-4-tet-4298418.html
Món ngon cho cuối tuần,https://vnexpress.net/che-bien-mot-con-ga-thanh-10-mon-kieu-a-au-4298480.html
Món ngon cho cuối tuần,https://vnexpress.net/cach-ngam-tai-heo-chua-ngot-trang-gion-4298421.html
Món ngon cho cuối tuần,https://vnexpress.net/doi-song-cooking-com-ga-hoi-an-4298407.html
Món ngon cho cuối tuần,https://vnexpress.net/ca-nuong-rieng-me-mon-ngon-cuoi-tuan-4298483.html
Món ngon cho cuối tuần,https://vnexpress.net/cach-lam-pho-chien-phong-don-gian-tai-nha-4298484.html
Món ngon cho cuối tuần,https://vnexpress.net/cach-nau-pho-ga-ha-noi-don-gian-ngay-tai-nha-4298409.html
Món ngon cho cuối tuần,https://vnexpress.net/goi-y-ba-mon-lau-de-lam-cho-ngay-tet-4298410.html
Món ngon cho cuối tuần,https://vnexpress.net/mien-ma-thuat-doi-mau-mon-ngon-la-cuoi-tuan-4298487.html
Món ngon cho cuối tuần,https://vnexpress.net/bien-tau-du-mon-ngon-tu-noi-chien-khong-dau-4298489.html
Món ngon cho cuối tuần,https://vnexpress.net/doi-vi-voi-mon-ga-nuong-mat-ong-4298490.html
Món ngon cho cuối tuần,https://vnexpress.net/mon-ngon-tu-oc-giac-4298494.html
Món ngon cho cuối tuần,https://vnexpress.net/met-thuc-an-nhieu-mon-cua-ba-me-ha-noi-4298498.html
Món ngon theo vùng miền,https://vnexpress.net/doi-song-cooking-vit-nau-chao-4480425.html
Món ngon theo vùng miền,https://vnexpress.net/doi-song-cooking-mon-ngon-tu-sau-4482052.html
Món ngon theo vùng miền,https://vnexpress.net/doi-song-cooking-oc-trung-thu-am-thuc-co-truyen-ha-noi-4656762.html
Món ngon theo vùng miền,https://vnexpress.net/doi-song-cooking-vit-nau-gia-cay-chuan-vi-bac-4574423.html
Món ngon theo vùng miền,https://vnexpress.net/doi-song-cooking-cha-ca-ha-noi-huong-vi-xua-4574099.html
Món ngon theo vùng miền,https://vnexpress.net/doi-song-cooking-4-mon-chien-mam-nam-bo-4572443.html
Món ngon theo vùng miền,https://vnexpress.net/doi-song-cooking-xao-long-banh-muot-4529155.html
Món ngon theo vùng miền,https://vnexpress.net/doi-song-cooking-cach-nau-mi-quang-ga-4520523.html
Món ngon theo vùng miền,https://vnexpress.net/doi-song-cooking-ca-ro-kho-to-kieu-nam-bo-4511289.html
Món ngon theo vùng miền,https://vnexpress.net/doi-song-cooking-com-chien-la-e-4510805.html
Món ngon theo vùng miền,https://vnexpress.net/doi-song-cooking-oc-hap-la-gung-4507564.html
Món ngon theo vùng miền,https://vnexpress.net/doi-song-cooking-ca-linh-kho-lat-4502933.html
Món ngon theo vùng miền,https://vnexpress.net/doi-song-cooking-gia-cay-mien-tay-4501186.html
Món ngon theo vùng miền,https://vnexpress.net/doi-song-cooking-cach-lam-ca-phao-muoi-man-mon-truyen-thong-xu-nghe-4496741.html
Món ngon theo vùng miền,https://vnexpress.net/doi-song-cooking-suon-cay-thai-lan-4478289.html
Món ngon theo vùng miền,https://vnexpress.net/doi-song-cooking-mon-ngon-mien-tay-4477634.html
Món ngon theo vùng miền,https://vnexpress.net/cach-lam-cha-oc-tay-ho-gion-ngon-4462657.html
Món ngon theo vùng miền,https://vnexpress.net/nhung-mon-qua-chieu-ha-noi-4435166.html
Món ngon theo vùng miền,https://vnexpress.net/la-lot-dau-an-huong-vi-am-thuc-thai-binh-4433483.html
Món ngon theo vùng miền,https://vnexpress.net/cach-lam-nem-thinh-chuan-vi-thai-binh-4426397.html
Món ngon theo vùng miền,https://vnexpress.net/mon-ngon-dan-da-thai-binh-gay-thuong-nho-4392726.html
Món ngon theo vùng miền,https://vnexpress.net/canh-bau-nau-hen-4311442.html
Món ngon theo vùng miền,https://vnexpress.net/goi-buoi-bien-hoa-4311304.html
Món ngon theo vùng miền,https://vnexpress.net/banh-canh-gio-heo-4311294.html
Món ngon theo vùng miền,https://vnexpress.net/canh-chua-ca-nam-bo-4311352.html
Món ngon theo vùng miền,https://vnexpress.net/che-com-diu-mat-huong-vi-mua-thu-4366264.html
Món ngon theo vùng miền,https://vnexpress.net/va-tron-tom-thit-4311228.html
Món ngon theo vùng miền,https://vnexpress.net/ca-bac-ma-kho-mat-mia-kieu-xu-nghe-4347290.html
Món ngon theo vùng miền,https://vnexpress.net/cheo-lac-mon-ngon-dan-da-mien-tay-xu-nghe-4347311.html
Món ngon theo vùng miền,https://vnexpress.net/doi-song-cooking-banh-beo-nghe-an-4339487.html
Món ngon theo vùng miền,https://vnexpress.net/nhung-mon-ngon-dac-trung-que-lua-thai-binh-4339590.html
Món ngon theo vùng miền,https://vnexpress.net/cach-lam-banh-nghe-thai-binh-4298521.html
Món ngon theo vùng miền,https://vnexpress.net/pha-lau-mon-ngon-duong-pho-4298511.html
Món ngon theo vùng miền,https://vnexpress.net/banh-katka-hai-phong-mon-an-gay-thuong-nho-4298495.html
Quà - Món ăn vặt,https://vnexpress.net/doi-song-cooking-ngo-chien-bo-4566746.html
Quà - Món ăn vặt,https://vnexpress.net/doi-song-cooking-cach-lam-banh-san-4528817.html
Quà - Món ăn vặt,https://vnexpress.net/doi-song-cooking-banh-deo-nhan-dau-xanh-trung-muoi-4508010.html
Quà - Món ăn vặt,https://vnexpress.net/doi-song-cooking-che-do-den-kieu-ha-noi-4488085.html
Quà - Món ăn vặt,https://vnexpress.net/doi-song-cooking-nem-tai-thinh-4474926.html
Quà - Món ăn vặt,https://vnexpress.net/nom-xoai-tai-heo-4468810.html
Quà - Món ăn vặt,https://vnexpress.net/cach-lam-kho-ga-la-chanh-don-gian-tai-nha-4467543.html
Quà - Món ăn vặt,https://vnexpress.net/khoai-lang-ngao-duong-kieu-nhat-4466381.html
Quà - Món ăn vặt,https://vnexpress.net/doi-song-cooking-bi-quyet-lam-lac-rang-toi-ot-de-lau-van-gion-4455374.html
Quà - Món ăn vặt,https://vnexpress.net/cach-lam-banh-mi-chuoi-mem-ngon-4443083.html
Quà - Món ăn vặt,https://vnexpress.net/chuoi-nep-nuong-mon-qua-dan-da-mien-tay-4439964.html
Quà - Món ăn vặt,https://vnexpress.net/mia-uop-hoa-buoi-thuc-qua-thanh-tao-thang-3-4434775.html
Quà - Món ăn vặt,https://vnexpress.net/banh-ran-man-mon-ngon-am-long-ngay-lanh-4432047.html
Quà - Món ăn vặt,https://vnexpress.net/cach-lam-khoai-lang-ken-vang-uom-thom-ngon-4429157.html
Quà - Món ăn vặt,https://vnexpress.net/doi-song-cooking-cach-luoc-oc-gion-ngon-nuoc-cham-dam-da-4413139.html
Quà - Món ăn vặt,https://vnexpress.net/che-san-mochi-deo-mem-am-nong-cho-ngay-dong-4410236.html
Quà - Món ăn vặt,https://vnexpress.net/cach-lam-khoai-tay-dut-lo-ngon-nhu-ngoai-hang-4410264.html
Quà - Món ăn vặt,https://vnexpress.net/san-hap-nuoc-cot-dua-qua-vat-chieu-dong-4407789.html
Quà - Món ăn vặt,https://vnexpress.net/cach-lam-banh-ga-than-thanh-ha-noi-4396526.html
Quà - Món ăn vặt,https://vnexpress.net/tu-lam-che-chuoi-4311386.html
Quà - Món ăn vặt,https://vnexpress.net/che-buoi-4311307.html
Quà - Món ăn vặt,https://vnexpress.net/che-sua-chua-nep-cam-4311348.html
Quà - Món ăn vặt,https://vnexpress.net/rau-cau-trai-cay-4311537.html
Quà - Món ăn vặt,https://vnexpress.net/kem-rhum-va-nho-kho-4311523.html
Quà - Món ăn vặt,https://vnexpress.net/kem-dau-tay-4311522.html
Quà - Món ăn vặt,https://vnexpress.net/che-troi-nuoc-nhan-tom-thit-4311515.html
Quà - Món ăn vặt,https://vnexpress.net/banh-bot-loc-tom-4311502.html
Quà - Món ăn vặt,https://vnexpress.net/com-tron-dua-4311500.html
Quà - Món ăn vặt,https://vnexpress.net/xoi-ca-ro-phi-4311468.html
Quà - Món ăn vặt,https://vnexpress.net/dua-gop-kieu-mien-trung-4311390.html
Quà - Món ăn vặt,https://vnexpress.net/oc-hap-la-gung-4311382.html
Quà - Món ăn vặt,https://vnexpress.net/banh-chuoi-hap-4311309.html
Quà - Món ăn vặt,https://vnexpress.net/nhung-mon-banh-ngon-lam-don-gian-dip-gian-cach-4366269.html
Quà - Món ăn vặt,https://vnexpress.net/mut-hoa-qua-4311247.html
Quà - Món ăn vặt,https://vnexpress.net/bi-quyet-lam-com-xao-deo-thom-4366254.html
Quà - Món ăn vặt,https://vnexpress.net/che-ngo-com-4311146.html
Quà - Món ăn vặt,https://vnexpress.net/bien-tau-com-nguoi-thanh-mon-ngon-ngay-gian-cach-4362205.html
Quà - Món ăn vặt,https://vnexpress.net/banh-khoai-lang-tim-nhan-pho-mai-tan-chay-4361603.html
Quà - Món ăn vặt,https://vnexpress.net/cach-lam-banh-dua-4311145.html
Quà - Món ăn vặt,https://vnexpress.net/lam-banh-day-gio-tu-com-nguoi-sieu-nhanh-4358132.html
Quà - Món ăn vặt,https://vnexpress.net/cach-lam-banh-trung-thu-ngan-lop-nhan-dau-do-trung-muoi-4358120.html
Quà - Món ăn vặt,https://vnexpress.net/cach-lam-banh-duc-nong-tu-com-nguoi-4351109.html
Quà - Món ăn vặt,https://vnexpress.net/cach-lam-banh-mi-mini-thom-ngon-tai-nha-4351111.html
Quà - Món ăn vặt,https://vnexpress.net/cach-lam-caramel-banh-flan-cuc-don-gian-4311155.html
Quà - Món ăn vặt,https://vnexpress.net/cach-lam-banh-ngao-nghe-an-don-gian-4336736.html
Quà - Món ăn vặt,https://vnexpress.net/khoai-tay-chien-bo-mon-ngon-cho-bua-sang-don-gian-4311101.html
Quà - Món ăn vặt,https://vnexpress.net/cach-lam-pizza-my-tom-don-gian-ngon-mieng-4333099.html
Quà - Món ăn vặt,https://vnexpress.net/cach-lam-bim-bim-khoai-tay-gion-rum-tai-nha-4333080.html
Quà - Món ăn vặt,https://vnexpress.net/ngo-chien-bo-4311010.html
Quà - Món ăn vặt,https://vnexpress.net/cach-lam-banh-trang-nuong-bang-chao-4328375.html
Quà - Món ăn vặt,https://vnexpress.net/5-bien-tau-tu-khoai-lang-tim-4325149.html
Quà - Món ăn vặt,https://vnexpress.net/ba-buoc-lam-banh-khoai-lang-tim-nung-ninh-4325164.html
Quà - Món ăn vặt,https://vnexpress.net/banh-duc-nong-mon-an-dan-da-cho-ngay-mat-troi-4298553.html
Quà - Món ăn vặt,https://vnexpress.net/cach-lam-banh-da-lon-la-dua-4298474.html
Quà - Món ăn vặt,https://vnexpress.net/cong-thuc-lam-banh-bao-thanh-cong-tu-lan-dau-4298477.html
Quà - Món ăn vặt,https://vnexpress.net/cong-thuc-lam-banh-bo-hap-ngon-mem-4298446.html
Quà - Món ăn vặt,https://vnexpress.net/cach-lam-banh-tao-nuong-4298456.html
Quà - Món ăn vặt,https://vnexpress.net/banh-duc-nong-qua-vat-ha-thanh-khi-vao-dong-4204960.html
Quà - Món ăn vặt,https://vnexpress.net/doi-song-cooking-banh-troi-tau-4194656.html
Quà - Món ăn vặt,https://vnexpress.net/banh-trung-caramel-4189970.html
Quà - Món ăn vặt,https://vnexpress.net/banh-dua-dai-loan-thom-ngon-de-lam-4167991.html
Quà - Món ăn vặt,https://vnexpress.net/nhung-loai-banh-an-vat-nhieu-nguoi-ua-chuong-4164942.html
Quà - Món ăn vặt,https://vnexpress.net/huong-dan-lam-banh-trung-thu-rau-cau-4152719.html
Quà - Món ăn vặt,https://vnexpress.net/cach-lam-banh-my-bong-dem-4149754.html
Quà - Món ăn vặt,https://vnexpress.net/banh-canh-dam-da-huong-vi-mien-trung-4147968.html
Quà - Món ăn vặt,https://vnexpress.net/lam-banh-zucchini-bread-voi-cong-thuc-sieu-de-4146736.html
Quà - Món ăn vặt,https://vnexpress.net/cach-lam-banh-paparoti-huong-vi-ca-phe-4145578.html
Quà - Món ăn vặt,https://vnexpress.net/an-vat-lanh-manh-cung-banh-biscotti-4142447.html
Quà - Món ăn vặt,https://vnexpress.net/banh-muffin-man-bua-sang-du-chat-cho-ngay-ban-ron-4141302.html
Quà - Món ăn vặt,https://vnexpress.net/banh-mi-cuon-len-nhan-sua-chua-4131349.html
Quà - Món ăn vặt,https://vnexpress.net/la-mieng-cung-banh-pho-mai-chay-4128507.html
Quà - Món ăn vặt,https://vnexpress.net/banh-que-hoa-bi-quyet-duong-nhan-tu-man-anh-hoa-ngu-4127303.html
"Món tráng miệng, giải khát",https://vnexpress.net/doi-song-cooking-nuoc-rau-ma-dau-xanh-4479309.html
"Món tráng miệng, giải khát",https://vnexpress.net/doi-song-cooking-siro-man-giai-khat-ngay-he-4613829.html
"Món tráng miệng, giải khát",https://vnexpress.net/doi-song-cooking-nuoc-tia-to-4475503.html
"Món tráng miệng, giải khát",https://vnexpress.net/doi-song-cooking-nuoc-sau-ngam-duong-4477631.html
"Món tráng miệng, giải khát",https://vnexpress.net/doi-song-cooking-sua-hat-sen-4637455.html
"Món tráng miệng, giải khát",https://vnexpress.net/doi-song-cooking-che-nhan-long-hat-sen-4636483.html
"Món tráng miệng, giải khát",https://vnexpress.net/ba-mon-an-tri-nhiet-mieng-hieu-qua-4632509.html
"Món tráng miệng, giải khát",https://vnexpress.net/doi-song-cooking-nuoc-tia-to-vai-ngam-giai-nhiet-4615994.html
"Món tráng miệng, giải khát",https://vnexpress.net/doi-song-cooking-che-do-xanh-4502485.html
"Món tráng miệng, giải khát",https://vnexpress.net/doi-song-cooking-tra-gao-gung-rang-ho-tro-thai-doc-tieu-mo-4497433.html
"Món tráng miệng, giải khát",https://vnexpress.net/doi-song-cooking-nuoc-dau-den-4494549.html
"Món tráng miệng, giải khát",https://vnexpress.net/doi-song-cooking-dao-ngam-tra-dao-cam-sa-4492323.html
"Món tráng miệng, giải khát",https://vnexpress.net/doi-song-cooking-thuc-uong-giai-nhiet-mua-he-de-lam-tai-nha-4484890.html
"Món tráng miệng, giải khát",https://vnexpress.net/doi-song-cooking-vai-ngam-duong-phen-4484477.html
"Món tráng miệng, giải khát",https://vnexpress.net/cach-lam-tra-tac-giai-khat-don-gian-tai-nha-4459257.html
"Món tráng miệng, giải khát",https://vnexpress.net/tu-lam-chanh-muoi-4311546.html
"Món tráng miệng, giải khát",https://vnexpress.net/sinh-to-chuoi-chanh-day-4311477.html
"Món tráng miệng, giải khát",https://vnexpress.net/bon-loai-banh-ngot-ngao-mat-lanh-4311379.html
"Món tráng miệng, giải khát",https://vnexpress.net/sinh-to-tu-rau-qua-4311296.html
"Món tráng miệng, giải khát",https://vnexpress.net/thom-ngon-sua-dau-nanh-tu-che-4311281.html
"Món tráng miệng, giải khát",https://vnexpress.net/mon-trang-mieng-4311313.html
"Món tráng miệng, giải khát",https://vnexpress.net/cocktail-hoa-qua-tuoi-4311597.html
"Món tráng miệng, giải khát",https://vnexpress.net/sinh-to-khoai-mon-4311511.html
"Món tráng miệng, giải khát",https://vnexpress.net/che-buoi-4311485.html
"Món tráng miệng, giải khát",https://vnexpress.net/che-nha-dam-4311480.html
"Món tráng miệng, giải khát",https://vnexpress.net/banh-gato-hoa-qua-4311360.html
"Món tráng miệng, giải khát",https://vnexpress.net/che-ngo-com-4311345.html
"Món tráng miệng, giải khát",https://vnexpress.net/tu-lam-kem-dua-4311293.html
"Món tráng miệng, giải khát",https://vnexpress.net/rau-cau-chanh-day-4311334.html
"Món tráng miệng, giải khát",https://vnexpress.net/kem-dau-4311305.html
"Món tráng miệng, giải khát",https://vnexpress.net/cach-lam-sua-khoai-lang-tim-dep-sanh-min-4366266.html
"Món tráng miệng, giải khát",https://vnexpress.net/banh-gato-cuon-hinh-khuc-cui-4311257.html
"Món tráng miệng, giải khát",https://vnexpress.net/sinh-to-dau-tay-4311256.html
"Món tráng miệng, giải khát",https://vnexpress.net/banh-ngot-ca-rot-4311254.html
"Món tráng miệng, giải khát",https://vnexpress.net/che-thanh-long-4311221.html
"Món tráng miệng, giải khát",https://vnexpress.net/cach-lam-hong-tra-sua-don-gian-tai-nha-4358125.html
"Món tráng miệng, giải khát",https://vnexpress.net/cach-lam-tra-sua-thai-xanh-don-gian-tai-nha-4354874.html
"Món tráng miệng, giải khát",https://vnexpress.net/thach-trai-cam-mat-lanh-4311131.html
"Món tráng miệng, giải khát",https://vnexpress.net/banh-pudding-xoai-ngot-mat-4311117.html
"Món tráng miệng, giải khát",https://vnexpress.net/cach-nau-che-bi-do-don-gian-4343767.html
"Món tráng miệng, giải khát",https://vnexpress.net/cach-lam-che-hat-sen-long-nhan-thanh-mat-4339497.html
"Món tráng miệng, giải khát",https://vnexpress.net/che-vai-nam-tuyet-4325131.html
"Món tráng miệng, giải khát",https://vnexpress.net/che-tuyet-yen-bat-vi-4325142.html
"Món tráng miệng, giải khát",https://vnexpress.net/lam-banh-long-trang-trung-beo-xop-khong-can-bot-4325171.html
"Món tráng miệng, giải khát",https://vnexpress.net/mon-sua-tra-nguoc-doi-de-lam-4325227.html
"Món tráng miệng, giải khát",https://vnexpress.net/lam-tao-pho-trong-nhay-mat-bang-duong-nho-4325195.html
"Món tráng miệng, giải khát",https://vnexpress.net/cach-lam-kem-chuoi-dua-don-gian-tai-nha-4298540.html
"Món tráng miệng, giải khát",https://vnexpress.net/giai-nhiet-voi-che-nam-tuyet-tao-do-4298543.html
"Món tráng miệng, giải khát",https://vnexpress.net/sua-chua-chanh-day-cai-tien-kich-thich-vi-giac-4298551.html
"Món tráng miệng, giải khát",https://vnexpress.net/cach-nau-che-bi-do-nhan-dau-xanh-don-gian-dep-mat-4298529.html
"Món tráng miệng, giải khát",https://vnexpress.net/che-cam-tao-pho-giai-nhiet-mua-he-4298530.html
"Món tráng miệng, giải khát",https://vnexpress.net/nuoc-chanh-viet-quat-giai-khat-mua-he-4298470.html
"Món tráng miệng, giải khát",https://vnexpress.net/nuoc-la-tia-to-giai-khat-cho-ngay-nang-4298451.html
"Món tráng miệng, giải khát",https://vnexpress.net/cong-thuc-nau-che-troi-nuoc-ngon-deo-khong-bi-cung-4298453.html
"Món tráng miệng, giải khát",https://vnexpress.net/cach-lam-tra-sua-tai-nha-4298430.html
"Món tráng miệng, giải khát",https://vnexpress.net/nhung-mon-che-bien-tu-hoa-buoi-4298457.html
"Món tráng miệng, giải khát",https://vnexpress.net/cach-nau-che-suong-sa-hat-luu-4298458.html
"Món tráng miệng, giải khát",https://vnexpress.net/bi-quyet-lam-kimbap-trong-tich-tac-4298468.html
"Món tráng miệng, giải khát",https://vnexpress.net/banh-phu-chocolate-mon-an-vat-co-lich-su-90-nam-4298504.html
Các loại bánh,https://vnexpress.net/10-mon-banh-mi-kep-thit-ngon-nhat-the-gioi-4898842.html
Các loại bánh,https://vnexpress.net/kashmir-noi-banh-mi-sanh-ngang-voi-phap-4820722.html
Các loại bánh,https://vnexpress.net/co-gai-lam-banh-sieu-thuc-4547921.html
Các loại bánh,https://vnexpress.net/doi-song-cooking-banh-nuong-nhan-sua-dua-4508524.html
Các loại bánh,https://vnexpress.net/cach-lam-banh-troi-dep-mat-cho-tet-han-thuc-4446771.html
Các loại bánh,https://vnexpress.net/banh-chuoi-4311151.html
Các loại bánh,https://vnexpress.net/cach-lam-banh-it-tran-deo-mem-tu-com-nguoi-4351110.html
Các loại bánh,https://vnexpress.net/cach-lam-banh-tieu-cap-toc-trong-20-phut-4347271.html
Các loại bánh,https://vnexpress.net/cach-lam-banh-khoai-tay-nhan-pho-mai-4347302.html
Các loại bánh,https://vnexpress.net/cach-lam-banh-gao-tokbokki-tu-com-nguoi-4343736.html
Các loại bánh,https://vnexpress.net/cach-lam-banh-goi-tu-a-toi-z-tai-nha-4336725.html
Các loại bánh,https://vnexpress.net/lam-banh-cuon-cap-toc-tu-banh-trang-4336706.html
Các loại bánh,https://vnexpress.net/chi-bot-mi-hanh-la-lam-nen-banh-ngon-cho-bua-sang-4336743.html
Các loại bánh,https://vnexpress.net/bien-com-nguoi-thanh-banh-pho-mai-dut-lo-4325128.html
Món chay,https://vnexpress.net/doi-song-cooking-nem-thinh-chay-4754670.html
Món chay,https://vnexpress.net/doi-song-cooking-nem-thinh-chay-don-gian-ma-ngon-4647439.html
Món chay,https://vnexpress.net/doi-song-cooking-co-chay-ram-thang-7-du-mon-truyen-thong-4646982.html
Món chay,https://vnexpress.net/doi-song-cooking-xiu-mai-chay-4645563.html
Món chay,https://vnexpress.net/doi-song-cooking-ca-tim-kho-tieu-4498421.html
Món chay,https://vnexpress.net/doi-song-cooking-nom-rau-muong-dau-phu-chay-4498411.html
Món chay,https://vnexpress.net/doi-song-cooking-cha-gio-4497872.html
Món chay,https://vnexpress.net/thuc-don-chay-cho-ngay-mong-1-chi-ton-120-000-dong-4298481.html
Bữa sáng đơn giản,https://vnexpress.net/doi-song-cooking-chao-ca-am-4504279.html
Bữa sáng đơn giản,https://vnexpress.net/mot-so-mon-an-sang-ngon-4311573.html
Bữa sáng đơn giản,https://vnexpress.net/xoi-bap-4311482.html
Bữa sáng đơn giản,https://vnexpress.net/bun-moc-4311380.html
Bữa sáng đơn giản,https://vnexpress.net/cach-nau-xoi-lac-tu-noi-com-dien-4339574.html
Bữa sáng đơn giản,https://vnexpress.net/bua-sang-don-gian-voi-bun-ca-ro-4311085.html
Bữa sáng đơn giản,https://vnexpress.net/cach-nau-xoi-dau-xanh-bang-noi-com-dien-4333094.html
Bữa sáng đơn giản,https://vnexpress.net/lam-trung-cuon-kieu-han-quoc-4311050.html
Bữa sáng đơn giản,https://vnexpress.net/chao-suon-sun-gion-san-sat-4325217.html
Bữa sáng đơn giản,https://vnexpress.net/chao-ngao-dau-xanh-mon-ngon-giau-dinh-duong-4298547.html
Thực đơn cho ngày nắng nóng,https://vnexpress.net/doi-song-cooking-cac-mon-nom-goi-cho-ngay-nong-4617414.html
Thực đơn cho ngày nắng nóng,https://vnexpress.net/doi-song-cooking-bau-xao-trung-4490502.html
Thực đơn cho ngày nắng nóng,https://vnexpress.net/doi-song-cooking-canh-thanh-mat-4473610.html
Thực đơn cho ngày nắng nóng,https://vnexpress.net/rau-cau-hoa-hong-4311460.html
Thực đơn cho ngày nắng nóng,https://vnexpress.net/nom-hoa-chuoi-4311372.html
Thực đơn cho ngày nắng nóng,https://vnexpress.net/canh-he-thit-bam-dau-hu-4311420.html
Thực đơn cho ngày nắng nóng,https://vnexpress.net/nom-xoai-xanh-tom-thit-4311249.html
Thực đơn cho ngày nắng nóng,https://vnexpress.net/ham-bi-dao-ca-qua-voi-suon-non-4325179.html
Thực đơn cho ngày nắng nóng,https://vnexpress.net/kimbap-ca-thu-sot-mayonnaise-4325168.html
Thực đơn cho ngày nắng nóng,https://vnexpress.net/cach-lam-canh-ghe-nau-rau-muong-don-gian-thanh-mat-4307148.html
Thực đơn cho ngày nắng nóng,https://vnexpress.net/rau-cu-kho-chao-4325208.html
Thực đơn cho ngày nắng nóng,https://vnexpress.net/cach-lam-nem-ca-ro-doi-vi-ngay-he-4298557.html
Thực đơn cho ngày nắng nóng,https://vnexpress.net/cach-lam-bun-suon-nau-sau-thanh-mat-4298556.html
Thực đơn cho ngày nắng nóng,https://vnexpress.net/tep-dong-rang-khe-mon-ngon-cho-ngay-he-nong-nuc-4298550.html
Thực đơn cho ngày nắng nóng,https://vnexpress.net/canh-trai-nau-chua-giai-nhiet-mua-he-4298518.html
Thực đơn cho ngày nắng nóng,https://vnexpress.net/salad-xoai-kieu-thai-4298515.html
Thực đơn cho ngày nắng nóng,https://vnexpress.net/goi-bo-bop-thau-4298431.html
Thực đơn cho ngày nắng nóng,https://vnexpress.net/meo-luoc-thit-chan-gio-da-gion-trang-mem-4298469.html
Thực đơn cho ngày nắng nóng,https://vnexpress.net/cach-lam-goi-du-du-kieu-thai-giai-ngan-dip-tet-4298420.html
Thực đơn cho ngày nắng nóng,https://vnexpress.net/4-mon-chao-thanh-dam-chong-ngay-ngay-tet-4298417.html
Thực đơn hàng ngày,https://vnexpress.net/thit-than-hap-ruoi-sot-nam-4311270.html
Thực đơn hàng ngày,https://vnexpress.net/4-cach-lam-gia-do-cho-nguoi-luoi-trong-mua-dich-4334731.html
Thực đơn hàng ngày,https://vnexpress.net/cha-mo-rim-tieu-cho-ngay-ban-ron-4325202.html
Thực đơn hàng ngày,https://vnexpress.net/doi-song-cooking-com-rang-dua-bo-4299703.html
Thực đơn hàng ngày,https://vnexpress.net/cach-lam-thit-kho-mam-ruoc-dam-da-4299645.html
